nguon,nhom,tieu_de,url,trang,file,bytes,sha256,text_chars,status
ctsv,van_ban_ctsv,"     1. Qui chế về công tác sinh viên các trường đại học, cao đẳng và TCCN hệ chính qui (Thông tư 40/2026/TT-BGDĐT năm 2026)",https://ctsv.sgu.edu.vn/data/vanban/1.pdf,https://ctsv.sgu.edu.vn/chucnang/vbctsv.php,ctsv/van_ban_ctsv/1.pdf,1373866,2f769581437b3bdeed8a3f3b2800cb76fd8b01311486f13b0f181253ce168ec8,5948,ok
ctsv,van_ban_ctsv,     2. Qui chế đào tạo trình độ đại học hệ chính qui (Qui chế 08 năm 2021) áp dụng đối với sinh viên K.21 trở về sau,https://ctsv.sgu.edu.vn/data/vanban/2.pdf,https://ctsv.sgu.edu.vn/chucnang/vbctsv.php,ctsv/van_ban_ctsv/2.pdf,960541,4e9fb55f6b12fc51dd720300c40419b5a46804570eb2e1ca9ddab86865b88d2d,2021,ok
ctsv,van_ban_ctsv,     3. Quyết định số 17/VBHN-BGDĐT ngày 15 tháng 5 năm 2014 về việc Ban hành quy chế đào tạo Đại học và Cao đẳng hệ chính quy theo hệ thống tín chỉ.,https://ctsv.sgu.edu.vn/data/vanban/3.pdf,https://ctsv.sgu.edu.vn/chucnang/vbctsv.php,ctsv/van_ban_ctsv/3.pdf,288143,6a7025f849b5de52e464f8e3b5156aff6eb732106e295b1c176289f2f8a02481,8617,ok
ctsv,van_ban_ctsv,"     4. Quyết định số 1895/QĐ-TTg ngày 11/11/2021 của Thủ tướng Chính phủ phê duyệt Chương trình “Tăng cường giáo dục lý tưởng cách mạng, đạo đức, lối sống và khơi dậy khát vọng cống hiến cho thanh niên, thiếu niên, nhi đồng giai đoạn 2021-2030",https://ctsv.sgu.edu.vn/data/vanban/4.pdf,https://ctsv.sgu.edu.vn/chucnang/vbctsv.php,ctsv/van_ban_ctsv/4.pdf,145915,b6774479be3435139e3d1b3aa5f1bace2491e5804a9f175df60055d53af33deb,5637,ok
ctsv,van_ban_ctsv,"     5. Qui định về công tác đảm bảo ninh chính trị, trật tự an toàn xã hội trong các cơ sở giáo dục trong hệ thống giáo dục quốc dân.",https://ctsv.sgu.edu.vn/data/vanban/5.pdf,https://ctsv.sgu.edu.vn/chucnang/vbctsv.php,ctsv/van_ban_ctsv/5.pdf,136262,5f293700ac629c85c4c60d94e525a2ea00d92686d717c3c2ec44c87171d1a528,6243,ok
ctsv,van_ban_ctsv,     6. Qui định về học sinh sinh viên nội trú.,https://ctsv.sgu.edu.vn/data/vanban/7.pdf,https://ctsv.sgu.edu.vn/chucnang/vbctsv.php,ctsv/van_ban_ctsv/7.pdf,171546,9e148e57139ade67bd9908d67882b392a25aa1d1e2514eff85c6317df9bb264f,6644,ok
ctsv,van_ban_ctsv,     7. Qui định về xử lý Học sinh sinh viên vi phạm về ma túy.,https://ctsv.sgu.edu.vn/data/vanban/8.pdf,https://ctsv.sgu.edu.vn/chucnang/vbctsv.php,ctsv/van_ban_ctsv/8.pdf,244222,f3b02bcb8f59eb1ec7645ad27307c9cc5ab96adcc96c312e241e73fea817109f,4427,ok
ctsv,van_ban_ctsv,     8. Quy chế đào tạo Liên thông.,https://ctsv.sgu.edu.vn/data/vanban/9.pdf,https://ctsv.sgu.edu.vn/chucnang/vbctsv.php,ctsv/van_ban_ctsv/9.pdf,166328,d1fe3223ce0ae34e021842797567caa79c3378a25a906d245abbd2e14df85049,5749,ok
ctsv,van_ban_ctsv,"     9. Quy chế đào tạo đại học, cao đẳng hình thức vừa làm vừa học.",https://ctsv.sgu.edu.vn/data/vanban/10.pdf,https://ctsv.sgu.edu.vn/chucnang/vbctsv.php,ctsv/van_ban_ctsv/10.pdf,179058,94c4c37644ab02b097109364461dcd7f45462f14ac98550db7bb16f9bdabdc9d,6259,ok
ctsv,van_ban_ctsv,"     10. Nghị định 238/NĐ-CP Quy định chính sách học phí, miễn, giảm, hỗ trợ học phí, hỗ trợ chi phí học tập và giá dịch vụ trong lĩnh vực giáo dục, đào tạo.",https://ctsv.sgu.edu.vn/data/vanban/11.pdf,https://ctsv.sgu.edu.vn/chucnang/vbctsv.php,ctsv/van_ban_ctsv/11.pdf,1625263,b9bb871fa524482a1f61d48ba953c0ae5f776326df34292298cf7ce0d2bf5c46,148,ok
ctsv,van_ban_ctsv,     11. Quyết định số 1299/QĐ-TTg ngày 3/10/2018 của Thủ tướng Chính phủ về phê duyệt Đề án ''Xây dựng văn hóa ứng xử trong trường học giai đoạn 2018 - 2025.',https://ctsv.sgu.edu.vn/data/vanban/12.pdf,https://ctsv.sgu.edu.vn/chucnang/vbctsv.php,ctsv/van_ban_ctsv/12.pdf,576959,693737e1c38b66b20170eeb7b15fd466210b26444ba8c01f0fc0164bd8ca0376,0,ok
ctsv,van_ban_ctsv,1. Qui tắc ứng xử của người học tại trường Đại học Sài Gòn.,https://ctsv.sgu.edu.vn/data/vanban/21.pdf,https://ctsv.sgu.edu.vn/chucnang/vbctsv.php,ctsv/van_ban_ctsv/21.pdf,2748626,dfff6edcb67319cc8343525f551a0bfdb3d2d3ee4f90092664a5f3aafb3c8bab,0,ok
ctsv,van_ban_ctsv,2. Quy định về khối lượng đào tạo của các hệ đào tạo chính quy đào tạo theo hệ thống tín chỉ.,https://ctsv.sgu.edu.vn/data/vanban/22.pdf,https://ctsv.sgu.edu.vn/chucnang/vbctsv.php,ctsv/van_ban_ctsv/22.pdf,67274,0742dffd7ad1e9b5de30e473264f151f53005997824c461feef6aff778d65a03,1078,ok
ctsv,van_ban_ctsv,"3. Qui định về quản lý, tổ chức hoạt động khóa luận tốt nghiệp cho hệ chính qui đào tạo theo hệ thống tín chỉ.",https://ctsv.sgu.edu.vn/data/vanban/23.pdf,https://ctsv.sgu.edu.vn/chucnang/vbctsv.php,ctsv/van_ban_ctsv/23.pdf,179579,611b067afa3752e698270da9672f1c48ae102c780ef816a74635816f69ff1bc2,11248,ok
ctsv,van_ban_ctsv,4. Quy định số 736/QĐ-ĐHSG-ĐT ngày 18 tháng 4 năm 2014 Quy định thời gian tối đa được phép học tại trường để hoàn thành chương trình.,https://ctsv.sgu.edu.vn/data/vanban/24.pdf,https://ctsv.sgu.edu.vn/chucnang/vbctsv.php,ctsv/van_ban_ctsv/24.pdf,106630,a9c94d2c527b7e87ef4ed5df7877853a82d7935c8020aa23502a894634520557,2966,ok
ctsv,van_ban_ctsv,5. Quy chế đào tạo trình độ đại học tại Trường Đại học Sài Gòn,https://ctsv.sgu.edu.vn/data/vanban/25.pdf,https://ctsv.sgu.edu.vn/chucnang/vbctsv.php,ctsv/van_ban_ctsv/25.pdf,4700303,62e125985809913f87dccd9ef3c32ebf65f6cc78cbcab51f7234f47d230fd885,0,ok
ctsv,van_ban_ctsv,6. Qui định về đánh giá điểm rèn luyện sinh viên chính qui của trường Đại học Sài Gòn.,https://ctsv.sgu.edu.vn/data/vanban/26.pdf,https://ctsv.sgu.edu.vn/chucnang/vbctsv.php,ctsv/van_ban_ctsv/26.pdf,170400,daa4a38d6f208c8ed4d8f6c8aba2822e61698cdd35cde5c9646841a847873316,5656,ok
ctsv,van_ban_ctsv,"7. Quyết định 1357/QĐ-ĐHSG ngày 15/5/2026 về việc ban hành Quy chế xét, cấp học bổng tuyển sinh dành cho Tân sinh viên của Trường Đại học Sài Gòn",https://ctsv.sgu.edu.vn/data/vanban/27.pdf,https://ctsv.sgu.edu.vn/chucnang/vbctsv.php,ctsv/van_ban_ctsv/27.pdf,1466111,4eba40fb400f245cac7c6142f3af9f8aa88228b2823ec64f4697ba7728453332,0,ok
ctsv,van_ban_ctsv,"8. Quyết định 2946/QĐ-ĐHSG ngày 22/9/2026 về việc sửa đổi bổ sung một số điều của Quy chế xét, cấp học bổng tuyển sinh dành cho Tân sinh viên của Trường Đại học Sài Gòn (Quyết định số 1357/QĐ-ĐHSG ngày 15/5/2026)",https://ctsv.sgu.edu.vn/data/vanban/28.pdf,https://ctsv.sgu.edu.vn/chucnang/vbctsv.php,ctsv/van_ban_ctsv/28.pdf,598247,fe73d8e8ab6281ffe452f4f0a35ca6416466b0693f48f9de8b40ec954c14eb05,0,ok
ctsv,che_do_chinh_sach,"1. Nghị định số 238/2025/NĐ-CP ngày 03/9/2025 của Thủ tướng Chính phủ quy định về chính sách học phí, miễn, giảm, hỗ trợ học phí, hỗ trợ chi phí học tập và giá dịch vụ trong lĩnh vực giáo dục, đào tạo.",https://ctsv.sgu.edu.vn/data/cdcs/1.pdf,https://ctsv.sgu.edu.vn/chucnang/cdcs.php,ctsv/che_do_chinh_sach/1.pdf,16301721,e054ad0fd56bf92c4cb83b567108fdf604d7a129559a6ca6549188f92cbd321c,38,ok
ctsv,che_do_chinh_sach,2. Quyết định số 66/2013/QĐ-TTG ngày 11 tháng 11 năm 2013 của Chính phủ về việc quy định chính sách hỗ trợ chi phí học tập đối với sinh viên là người dân tộc thiểu số học tại các cơ sở giáo dục đại học.,https://ctsv.sgu.edu.vn/data/cdcs/2.pdf,https://ctsv.sgu.edu.vn/chucnang/cdcs.php,ctsv/che_do_chinh_sach/2.pdf,139442,b3088d1deff2f0951a77cb4cc055cb2658a1e2cdf652c121ce2a142beeb52667,0,ok
ctsv,che_do_chinh_sach,"3. Quyết định số 05/VBHN-BGDĐT ngày 30 tháng 8 năm 2021 của Bộ Giáo dục & Đào tạo quy định về học bổng và trợ cấp xã hội đối với học sinh, sinh viên các trường đào tạo công lập.",https://ctsv.sgu.edu.vn/data/cdcs/3.pdf,https://ctsv.sgu.edu.vn/chucnang/cdcs.php,ctsv/che_do_chinh_sach/3.pdf,584509,b1af39ade4e39de8ace6b855d4b59c6c2ccd3abd6254a867b4593c7bb371a6ca,9218,ok
ctsv,che_do_chinh_sach,"4. Nghị định số 57/2017/NĐ-CP ngày 09/5/2017 của Chính phủ quy định chính sách ưu tiên tuyển sinh và hỗ trợ học tập đối với trẻ mẫu giáo, học sinh, sinh viên dân tộc thiểu số RẤT ÍT NGƯỜI.",https://ctsv.sgu.edu.vn/data/cdcs/4.pdf,https://ctsv.sgu.edu.vn/chucnang/cdcs.php,ctsv/che_do_chinh_sach/4.pdf,582484,c73fc5b2e51b81c3c84a0ff8463c3f546d8bddc3c388b23e307d10994d221339,146,ok
ctsv,che_do_chinh_sach,"1. Các đối tượng chính sách cơ bản, được miễn giảm học phí và nhận trợ cấp tại trường.",https://ctsv.sgu.edu.vn/data/cdcs/31.pdf,https://ctsv.sgu.edu.vn/chucnang/cdcs.php,ctsv/che_do_chinh_sach/31.pdf,677805,30f0766bb754574fc0f96c5199ed3b4c98a85b77b288463e177ae615a6302f71,4557,ok
ctsv,che_do_chinh_sach,1. Mẫu đơn đề nghị miễn giảm học phí.,https://ctsv.sgu.edu.vn/data/cdcs/41.docx,https://ctsv.sgu.edu.vn/chucnang/cdcs.php,ctsv/che_do_chinh_sach/41.docx,20409,413b57ee8d30debf0199a5cbb9ab731592b641c94274cb40c2092bfe8c909570,,ok
ctsv,che_do_chinh_sach,2. Mẫu đơn đề nghị hỗ trợ chi phí học tập.,https://ctsv.sgu.edu.vn/data/cdcs/42.docx,https://ctsv.sgu.edu.vn/chucnang/cdcs.php,ctsv/che_do_chinh_sach/42.docx,29464,284bc6e1e3b175d58591f662a08350c47e17eddd3005dda5d76832b4e159d0b1,,ok
ctsv,che_do_chinh_sach,3. Mẫu đơn đề nghị xét trợ cấp xã hội,https://ctsv.sgu.edu.vn/data/cdcs/43.docx,https://ctsv.sgu.edu.vn/chucnang/cdcs.php,ctsv/che_do_chinh_sach/43.docx,25197,473d87a8a078a3aef7e48feadb640ceb6001b8bd01da3a9c4e2d186e04059c0f,,ok
ctsv,che_do_chinh_sach,4. Mẫu đơn đề nghị xét trợ cấp dân tộc,https://ctsv.sgu.edu.vn/data/cdcs/44.docx,https://ctsv.sgu.edu.vn/chucnang/cdcs.php,ctsv/che_do_chinh_sach/44.docx,29205,e574a7aa8141986076ee78fded6f3fecc1f349323437995e2b4263e5d6f3cc66,,ok
ctsv,so_tay_sinh_vien,Phần 1:Thông tin chung.,https://ctsv.sgu.edu.vn/webin/menutrai/stsv/1.pdf,https://ctsv.sgu.edu.vn/chucnang/stsv.php,,0,,,ok_wayback_20251009175509
ctsv,so_tay_sinh_vien,Phần 2: Kế hoạch đào tạo theo tiến độ các ngành.,https://ctsv.sgu.edu.vn/webin/menutrai/stsv/2.pdf,https://ctsv.sgu.edu.vn/chucnang/stsv.php,,0,,,loi_html_khong_phai_file
ctsv,so_tay_sinh_vien,Phần 1:Thông tin chung.,https://ctsv.sgu.edu.vn/webin/menutrai/stsv/nh20212022/p1.pdf,https://ctsv.sgu.edu.vn/chucnang/stsv.php,,0,,,ok_wayback_20250527020000
ctsv,so_tay_sinh_vien,Phần 2: Kế hoạch đào tạo theo tiến độ các ngành.,https://ctsv.sgu.edu.vn/webin/menutrai/stsv/nh20212022/p2.pdf,https://ctsv.sgu.edu.vn/chucnang/stsv.php,,0,,,ok_wayback_20250527013903
ctsv,so_tay_sinh_vien,Phần 1:Thông tin chung.,https://ctsv.sgu.edu.vn/webin/menutrai/stsv/nh20222023/STSV2022Phan1.pdf,https://ctsv.sgu.edu.vn/chucnang/stsv.php,,0,,,loi_html_khong_phai_file
ctsv,so_tay_sinh_vien,Phần 2: Kế hoạch đào tạo theo tiến độ các ngành.,https://ctsv.sgu.edu.vn/webin/menutrai/stsv/nh20222023/STSV2022Phan2.pdf,https://ctsv.sgu.edu.vn/chucnang/stsv.php,,0,,,loi_html_khong_phai_file
ctsv,diem_ren_luyen,1. Qui định về đánh giá điểm rèn luyện sinh viên chính qui của trường Đại học Sài Gòn.,https://ctsv.sgu.edu.vn/data/drl/1.pdf,https://ctsv.sgu.edu.vn/chucnang/qddiemrl.php,ctsv/diem_ren_luyen/1.pdf,170400,daa4a38d6f208c8ed4d8f6c8aba2822e61698cdd35cde5c9646841a847873316,5656,ok
ctsv,diem_ren_luyen,"2. Thông báo về việc bổ sung, điều chỉnh nội dung trong Phiếu đánh giá kết quả rèn luyện của sinh viên.",https://ctsv.sgu.edu.vn/data/drl/2.pdf,https://ctsv.sgu.edu.vn/chucnang/qddiemrl.php,ctsv/diem_ren_luyen/2.pdf,400173,d7b7957529647a4ac9dc0d38bce54e72e6edc6abd7becc75d629838195e9cc28,4934,ok
ctsv,diem_ren_luyen,3. Tải mẫu phiếu đánh giá điểm rèn luyện.,https://ctsv.sgu.edu.vn/data/drl/3.doc,https://ctsv.sgu.edu.vn/chucnang/qddiemrl.php,ctsv/diem_ren_luyen/3.doc,96256,419b0237f9d8aafda4bd0e0e49339ead3f744df7017529abc8f062c60685d412,,ok
ctsv,diem_ren_luyen,"4. Tải mẫu Biên bản xử lý sinh viên vi phạm nội quy, quy chế, quy định của trường.",https://ctsv.sgu.edu.vn/data/drl/4.doc,https://ctsv.sgu.edu.vn/chucnang/qddiemrl.php,ctsv/diem_ren_luyen/4.doc,36352,647087f222aab3801b1bb1a1c7a5706b5fb908ff4d3cc5845403bcd7abde6871,,ok
ctsv,diem_ren_luyen,5. Đơn xin chỉnh sửa điểm rèn luyện.,https://ctsv.sgu.edu.vn/data/drl/22.doc,https://ctsv.sgu.edu.vn/chucnang/qddiemrl.php,ctsv/diem_ren_luyen/22.doc,40448,56133aa37e3fede92408a0f1d027dc9c5641ef17011aa517dcce8924160e7349,,ok
ctsv,thu_tuc,1. Qui trình xét duyệt kết quả điểm rèn luyện.,https://ctsv.sgu.edu.vn/data/thutuc/1.pdf,https://ctsv.sgu.edu.vn/chucnang/thutuchc.php,ctsv/thu_tuc/1.pdf,141506,f6f6a05770a97cb189d08ea06f644e33585ff4a9b6815ccaab5a4c83536d1fe5,2378,ok
ctsv,thu_tuc,2. Qui trình xét duyệt học bổng khuyến khích học tập.,https://ctsv.sgu.edu.vn/data/thutuc/2.pdf,https://ctsv.sgu.edu.vn/chucnang/thutuchc.php,ctsv/thu_tuc/2.pdf,109434,b8b6e8c28b69f1f93cd177488789d3abaf037d0ef8c5f891df8f86ad3baeec80,1496,ok
ctsv,thu_tuc,3. Qui trình xét chế độ chính sách ưu đãi.,https://ctsv.sgu.edu.vn/data/thutuc/3.pdf,https://ctsv.sgu.edu.vn/chucnang/thutuchc.php,ctsv/thu_tuc/3.pdf,107612,2223a4b8db4792a12f020bc403705216a32b91cf5a214901baa1ff4300ecb494,1484,ok
ctsv,thu_tuc,4. Qui trình cấp bảng điểm rèn luyện,https://ctsv.sgu.edu.vn/data/thutuc/4.pdf,https://ctsv.sgu.edu.vn/chucnang/thutuchc.php,ctsv/thu_tuc/4.pdf,83100,f34fed605e2203bc7132e2c8fd0248381cc4d1b765cbe02cdb2a03f516d5f2d7,1014,ok
ctsv,thu_tuc,5. Qui trình rút hồ sơ.,https://ctsv.sgu.edu.vn/data/thutuc/5.pdf,https://ctsv.sgu.edu.vn/chucnang/thutuchc.php,ctsv/thu_tuc/5.pdf,96336,aca03d6b99360b2d717bd2b8c23d574dd3423f31417c317aeae58dfa8596b376,1395,ok
ctsv,thu_tuc,"6. Qui trình cấp các loại giấy xác nhận (giấy xác nhận tạm hoãn nghĩa vụ, giấy xác nhận sinh viên, giấy xác nhận vay vốn ngân hàng).",https://ctsv.sgu.edu.vn/data/thutuc/6.pdf,https://ctsv.sgu.edu.vn/chucnang/thutuchc.php,ctsv/thu_tuc/6.pdf,153418,8ac1cd86e9e098310cc0d8269497c2aaa066b65c7488bce947b25730905525db,1472,ok
ctsv,thu_tuc,"7. Qui trình cấp các loại giấy xác nhận khác, giấy xác nhận theo mẫu của địa phương (sổ trợ cấp ưu đãi, giấy đề nghị hỗ trợ học phí, cấp tiền học phí, hỗ trợ chi phí học tập tại địa phương, các loại học bổng địa phương).",https://ctsv.sgu.edu.vn/data/thutuc/7.pdf,https://ctsv.sgu.edu.vn/chucnang/thutuchc.php,ctsv/thu_tuc/7.pdf,100228,f354bd606dee3bd1fb87dc8eca0489e855a0e1a99209c6b1f87751b46db3773b,1213,ok
ctsv,thu_tuc,8. Qui trình bảo lưu kết quả học tập.,https://ctsv.sgu.edu.vn/data/thutuc/8.pdf,https://ctsv.sgu.edu.vn/chucnang/thutuchc.php,ctsv/thu_tuc/8.pdf,159547,a9fb10fc07c8b31425f1dce70a9919e991ac84b7a7f913060d6558c5174b47f2,533,ok
ctsv,thu_tuc,9. Qui trình xin vào học lại khi hết thời gian bảo lưu kết quả học tập.,https://ctsv.sgu.edu.vn/data/thutuc/9.pdf,https://ctsv.sgu.edu.vn/chucnang/thutuchc.php,ctsv/thu_tuc/9.pdf,164143,f2c67170ecb9752bbaab8392f5f2ebc683e0470d8108b393b59240ec9178d596,676,ok
ctsv,thu_tuc,10. Qui trình Chỉnh sửa điểm rèn luyện.,https://ctsv.sgu.edu.vn/data/thutuc/10.pdf,https://ctsv.sgu.edu.vn/chucnang/thutuchc.php,ctsv/thu_tuc/10.pdf,158745,9b37cdb6a583839b89ffe26a3ff8eb5df1f21fbfc134769cd5a9ddecfbcbdebb,425,ok
ctsv,thu_tuc,11. Qui trình chỉnh sửa thông tin sai sót.,https://ctsv.sgu.edu.vn/data/thutuc/11.pdf,https://ctsv.sgu.edu.vn/chucnang/thutuchc.php,ctsv/thu_tuc/11.pdf,110197,8f4b0cd483af60cf71e3fb7711047435b6593f993bd54acb4e8f8bf5d16a428e,357,ok
ctsv,thu_tuc,12. Qui trình xin thôi học.,https://ctsv.sgu.edu.vn/data/thutuc/12.pdf,https://ctsv.sgu.edu.vn/chucnang/thutuchc.php,ctsv/thu_tuc/12.pdf,111016,44ddaefe07d260f2c41581f601453a06c50a75843945f8283e5c4959ae7ade34,477,ok
ctsv,thu_tuc,13. Qui trình xin chuyển từ trường khác về Trường Đại học Sài Gòn.,https://ctsv.sgu.edu.vn/data/thutuc/13.pdf,https://ctsv.sgu.edu.vn/chucnang/thutuchc.php,ctsv/thu_tuc/13.pdf,60167,78d3535697095eb6de868f4463de91b87fc76f0b25a7120235807dc595365afe,863,ok
ctsv,thu_tuc,14. Qui trình đăng ký quay phim và chụp hình kỷ yếu tốt nghiệp tại Trường Đại học Sài Gòn,https://ctsv.sgu.edu.vn/data/thutuc/14.pdf,https://ctsv.sgu.edu.vn/chucnang/thutuchc.php,ctsv/thu_tuc/14.pdf,211023,c22e63f65a7cd8cfef1df932097b734c75df8c480b13806d4d2944875d79ca45,1478,ok
ctsv,thu_tuc,1. Mẫu đơn xin cấp bảng điểm rèn luyện.,https://ctsv.sgu.edu.vn/data/thutuc/21.doc,https://ctsv.sgu.edu.vn/chucnang/thutuchc.php,ctsv/thu_tuc/21.doc,32256,da2390c78d5e7ae7827479c5591d5b09403b0d87164bbe20bab58ac6c9c91afd,,ok
ctsv,thu_tuc,2. Mẫu đơn xin sửa điểm rèn luyện.,https://ctsv.sgu.edu.vn/data/thutuc/22.doc,https://ctsv.sgu.edu.vn/chucnang/thutuchc.php,ctsv/thu_tuc/22.doc,38400,edbe5a988b60591d7214e205b94f6be914fd6ccb26104d0529651e00badb4af4,,ok
ctsv,thu_tuc,3. Mẫu đơn xin tạm nghỉ học. (Bảo lưu kết quả học tập),https://ctsv.sgu.edu.vn/data/thutuc/23.doc,https://ctsv.sgu.edu.vn/chucnang/thutuchc.php,ctsv/thu_tuc/23.doc,30208,fc317fb62bfd4a366f64c90858930b29d1cb6283fafd2ebaffc0a0140a2c8c1b,,ok
ctsv,thu_tuc,4. Mẫu đơn xin vào học lại sau khi tạm dừng.,https://ctsv.sgu.edu.vn/data/thutuc/24.doc,https://ctsv.sgu.edu.vn/chucnang/thutuchc.php,ctsv/thu_tuc/24.doc,34304,8a6ccb15bb576d6f0e2f556e1c21c6d9c0365037cd8d534c05a96f981a7bcaf9,,ok
ctsv,thu_tuc,5. Mẫu đơn xin thôi học.,https://ctsv.sgu.edu.vn/data/thutuc/25.docx,https://ctsv.sgu.edu.vn/chucnang/thutuchc.php,ctsv/thu_tuc/25.docx,18743,294e4bb7cbcc6c6e247899b9f0605723fbe1a011021588950bc57010fa42d613,,ok
ctsv,thu_tuc,6. Mẫu đơn xin điều chỉnh thông tin.,https://ctsv.sgu.edu.vn/data/thutuc/26.doc,https://ctsv.sgu.edu.vn/chucnang/thutuchc.php,ctsv/thu_tuc/26.doc,33280,d6fbe48a19ab3d6d4c19989800e470d11a5bd4fc31795701054061980d1ce6a0,,ok
ctsv,thu_tuc,7. Mẫu đơn xin vào học lại sau khi tạm dừng vì kết quả điểm rèn luyện.,https://ctsv.sgu.edu.vn/data/thutuc/27.doc,https://ctsv.sgu.edu.vn/chucnang/thutuchc.php,ctsv/thu_tuc/27.doc,31744,e59e2139960668fd6f330f0ce8783bab3b4f3c54494805f56646ed7ece7e75c8,,ok
ctsv,thu_tuc,8. Mẫu đơn xin chuyển trường.,https://ctsv.sgu.edu.vn/data/thutuc/28.doc,https://ctsv.sgu.edu.vn/chucnang/thutuchc.php,ctsv/thu_tuc/28.doc,34816,f479b2183073c5568c14352a1d9808ceeee13b79d7e0a8c7a276bfd043e091cc,,ok
ctsv,thu_tuc,9. Mẫu đơn xin xác nhận học bổng,https://ctsv.sgu.edu.vn/data/thutuc/29.doc,https://ctsv.sgu.edu.vn/chucnang/thutuchc.php,ctsv/thu_tuc/29.doc,39936,d01196510350969598f9bf6e17c8614249ef5fef0f902b51e61d4715ddb9d99f,,ok
ctsv,thu_tuc,10. Mẫu đơn xin quay phim và chụp hình kỷ yếu tốt nghiệp tại Trường Đại học Sài Gòn,https://ctsv.sgu.edu.vn/data/thutuc/30.doc,https://ctsv.sgu.edu.vn/chucnang/thutuchc.php,ctsv/thu_tuc/30.doc,55296,eea0b45da5e58b9e18b013eeae41da5012191fabd25799f10a5dd6d91b5b3f2c,,ok
ctsv,trang_chu,- Cẩm nang hỗ trợ sinh viên,https://ctsv.sgu.edu.vn/pdf/CAMNANGTSVSGU2022.pdf,https://ctsv.sgu.edu.vn/,ctsv/trang_chu/CAMNANGTSVSGU2022.pdf,41992978,2498f75ae8e0c18caa0cf7a9fa6920417ed22b61eee70e8fd477702f34b62059,0,ok
ctsv,trang_chu,1/ Sinh viên đọc kỹ hướng dẫn và nội dung Thông báo tại đây.,https://ctsv.sgu.edu.vn/data/tbc/TB2611_HBNuSVvuotkhohocgioi_18_9_2025.pdf,https://ctsv.sgu.edu.vn/,ctsv/trang_chu/TB2611_HBNuSVvuotkhohocgioi_18_9_2025.pdf,777083,a6566ba9b03c94a7e769eb275cdcd005e3a285b53556eae48e5d0bf2fe114662,0,ok
ctsv,trang_chu,> Thông báo về việc khai báo thông tin chỗ ở ngoại trú và khám sức khỏe của sinh viên hệ đại học chính quy học kỳ I năm học 2026 – 2027,https://ctsv.sgu.edu.vn/data/tbc/tbc34.pdf,https://ctsv.sgu.edu.vn/,ctsv/trang_chu/tbc34.pdf,552888,e1387ac383ea3fa703fc3a70dd3989b36b1b10c1ee55592cd3752de248f9944d,0,ok
ctsv,trang_chu,"> Thông báo về việc đánh giá kết quả rèn luyện học kỳ III, năm học 2025 - 2026 đối với sinh viên khóa 2024, 2025 hệ Đại học chính quy",https://ctsv.sgu.edu.vn/data/tbc/tbc33.pdf,https://ctsv.sgu.edu.vn/,ctsv/trang_chu/tbc33.pdf,1349674,5b820f7dfe714418c800fafbef359bdd37a2220d5a5bbaf7dd64d835d8c8a680,877,ok
ctsv,trang_chu,"> Thông báo tổ chức Tuần sinh hoạt công dân - sinh viên cho sinh viên khóa 26 đầu khóa, năm học 2026 - 2027",https://ctsv.sgu.edu.vn/data/tbc/tbc32.pdf,https://ctsv.sgu.edu.vn/,ctsv/trang_chu/tbc32.pdf,1348216,786aa092363d38014614d9437dd3d491e8c9f9ab26bb8db2daa181b88046b56c,0,ok
ctsv,trang_chu,"> Thông báo về tổ chức Lễ Tốt nghiệp và trao Bằng Tốt nghiệp cho sinh viên xét tốt nghiệp đợt 2, 3 – năm 2026",https://ctsv.sgu.edu.vn/data/tbc/tbc31.pdf,https://ctsv.sgu.edu.vn/,ctsv/trang_chu/tbc31.pdf,800082,c547e337c3e9c140bf7f16a7fe69e8e345a258bbc26371ef8c42125600b06a35,0,ok
ctsv,trang_chu,"> Kế hoạch tổ chức Lễ Tốt nghiệp và trao Bằng Tốt nghiệp cho sinh viên xét tốt nghiệp đợt 2, 3 – năm 2026",https://ctsv.sgu.edu.vn/data/tbc/tbc30.pdf,https://ctsv.sgu.edu.vn/,ctsv/trang_chu/tbc30.pdf,1491806,4916bdb28ff254946729e31c96246a799508dcd83237ce4fc235e105804046b0,0,ok
ctsv,trang_chu,"> Thông báo tổ chức Tuần sinh hoạt công dân - sinh viên cho sinh viên khóa 24 học kỳ III, năm học 2025 - 2026",https://ctsv.sgu.edu.vn/data/gdct/gdct16.pdf,https://ctsv.sgu.edu.vn/,,0,,,loi_html_khong_phai_file
ctsv,trang_chu,"> Thông báo tổ chức Tuần sinh hoạt công dân - sinh viên cho sinh viên khóa 23 học kỳ II, năm học 2025 - 2026",https://ctsv.sgu.edu.vn/data/gdct/gdct15.pdf,https://ctsv.sgu.edu.vn/,ctsv/trang_chu/gdct15.pdf,311317,7b93386aef39b8d57fd314a0118811438790ae9abd596856792a103b637300b4,0,ok
ctsv,trang_chu,"> Thông báo tổ chức Tuần sinh hoạt công dân - sinh viên cho sinh viên khóa 22 học kỳ II, năm học 2025 - 2026",https://ctsv.sgu.edu.vn/data/gdct/gdct14.pdf,https://ctsv.sgu.edu.vn/,ctsv/trang_chu/gdct14.pdf,304581,7cc3c7ad0ae319ddb1d3c849b01787072128d4c2dff05ca60b794ff6ca84396f,0,ok
ctsv,trang_chu,"> Thông báo tổ chức Tuần sinh hoạt công dân - sinh viên cho sinh viên khóa 25 học kỳ II, năm học 2025 - 2026",https://ctsv.sgu.edu.vn/data/gdct/gdct13.pdf,https://ctsv.sgu.edu.vn/,ctsv/trang_chu/gdct13.pdf,309177,97a4836051727d5f2dae1daeb7795ad3e67ce1c3fcb50448bc983b02d05a2bbb,0,ok
ctsv,trang_chu,"> Thông báo về việc tổ chức báo cáo chuyên đề về Nâng cao nhận thức pháp luật và năng lực phòng chống ma túy, tội phạm công nghệ cao, tệ nạn xã hội cho sinh viên",https://ctsv.sgu.edu.vn/data/gdct/gdct12.pdf,https://ctsv.sgu.edu.vn/,ctsv/trang_chu/gdct12.pdf,808584,8d426a2ac0bc234d2e090011e08448d3af64aa8e59e2c855f35e0268b166c0a1,0,ok
ctsv,trang_chu,"> Danh sách sinh viên thuộc diện chế độ chính sách được miễn giảm học phí, nhận trợ cấp tại Trường học kỳ II và học kỳ III, năm học 2025 – 2026 (chính thức)",https://ctsv.sgu.edu.vn/data/tbcdcs/tbcdcs12.pdf,https://ctsv.sgu.edu.vn/,ctsv/trang_chu/tbcdcs12.pdf,73747,ad047eb93542da9727407480b44f77ea0a0dddb79f4b79efd2b23125f5157933,1172,ok
ctsv,trang_chu,"> Thông báo v/v thực hiện chế độ chính sách cho sinh viên các khóa học kỳ II, năm học 2025 - 2026",https://ctsv.sgu.edu.vn/data/tbcdcs/tbcdcs11.pdf,https://ctsv.sgu.edu.vn/,ctsv/trang_chu/tbcdcs11.pdf,544345,0de7ef1bb565df0335b1760ced42a9ed0ddf64ab2c500dc2eb5f8371f286f845,0,ok
ctsv,trang_chu,"> Thông báo về việc nộp bổ sung hồ sơ chế độ chính sách tại trường, học kỳ I, năm học 2025 – 2026",https://ctsv.sgu.edu.vn/data/tbcdcs/tbcdcs9.pdf,https://ctsv.sgu.edu.vn/,ctsv/trang_chu/tbcdcs9.pdf,545877,db8bf3a0db2386c05f7636e894dbb85aeaeae9112dc0e56758b4124c086b44fd,0,ok
ctsv,trang_chu,"> Danh sách sinh viên thuộc diện chế độ chính sách được miễn giảm học phí, nhận trợ cấp tại trường học kỳ II và học kỳ III, năm học 2024 – 2025 (chính thức)",https://ctsv.sgu.edu.vn/data/tbcdcs/tbcdcs8.pdf,https://ctsv.sgu.edu.vn/,ctsv/trang_chu/tbcdcs8.pdf,41034,a4d548ac44f0cc4c9c30805e223d95f3c3c3c545dfde70b46155e44f12dae226,919,ok
ctsv,trang_chu,,https://ctsv.sgu.edu.vn/data/BienCheNamHoc_2026-2027.pdf,https://ctsv.sgu.edu.vn/,ctsv/trang_chu/BienCheNamHoc_2026-2027.pdf,414509,20832b64b71c841a48d2ebef433138d57eeb814c8d3fe526774fbd6377ae6576,0,ok
daotao,chuong_trinh_dao_tao,Xem chi tiết,https://drive.google.com/open?id=15-WDAAljmgUFF-uGXHKo1kJ99Eue18l7&usp=drive_fs,https://daotao.sgu.edu.vn/index.php/van-ban/chuong-trinh-dao-tao/chuong-trinh-dao-tao-chu-ky-2024-2028,,0,,,loi_html_khong_phai_file
daotao,chuong_trinh_dao_tao,Xem chi tiết,https://drive.google.com/open?id=12A3_-kYWg13lPFj460SPZ4Qg8L6byxYy&usp=drive_fs,https://daotao.sgu.edu.vn/index.php/van-ban/chuong-trinh-dao-tao/chuong-trinh-dao-tao-chu-ky-2024-2028,,0,,,loi_html_khong_phai_file
daotao,chuong_trinh_dao_tao,Xem chi tiết,https://drive.google.com/open?id=153YMvaITs3VQJWBrr-rcv-VbJFi-JTM9&usp=drive_fs,https://daotao.sgu.edu.vn/index.php/van-ban/chuong-trinh-dao-tao/chuong-trinh-dao-tao-chu-ky-2024-2028,,0,,,loi_html_khong_phai_file
daotao,chuong_trinh_dao_tao,Xem chi tiết,https://drive.google.com/open?id=11BQGouaFH7uASv78VLjq_mA9opQ-XLwB&usp=drive_fs,https://daotao.sgu.edu.vn/index.php/van-ban/chuong-trinh-dao-tao/chuong-trinh-dao-tao-chu-ky-2024-2028,,0,,,loi_html_khong_phai_file
daotao,chuong_trinh_dao_tao,Xem chi tiết,https://drive.google.com/open?id=13hUybUf1MfrwJ2--cjvfUBq8RjiMu5gi&usp=drive_fs,https://daotao.sgu.edu.vn/index.php/van-ban/chuong-trinh-dao-tao/chuong-trinh-dao-tao-chu-ky-2024-2028,,0,,,loi_html_khong_phai_file
daotao,chuong_trinh_dao_tao,Xem chi tiết,https://drive.google.com/open?id=11_HnAO_MSHt6okzllMWvY8gYONrycizF&usp=drive_fs,https://daotao.sgu.edu.vn/index.php/van-ban/chuong-trinh-dao-tao/chuong-trinh-dao-tao-chu-ky-2024-2028,,0,,,loi_html_khong_phai_file
daotao,chuong_trinh_dao_tao,Xem chi tiết,https://drive.google.com/open?id=11wOLHPvu-tVbuy9Bo3TSRYgDOOhf7kOq&usp=drive_fs,https://daotao.sgu.edu.vn/index.php/van-ban/chuong-trinh-dao-tao/chuong-trinh-dao-tao-chu-ky-2024-2028,,0,,,loi_html_khong_phai_file
daotao,chuong_trinh_dao_tao,Xem chi tiết,https://drive.google.com/open?id=14OWq8atwgFNRMIxajEGeDx2_jtWO8kE4&usp=drive_fs,https://daotao.sgu.edu.vn/index.php/van-ban/chuong-trinh-dao-tao/chuong-trinh-dao-tao-chu-ky-2024-2028,,0,,,loi_html_khong_phai_file
daotao,chuong_trinh_dao_tao,Xem chi tiết,https://drive.google.com/open?id=11Xvd0hI8b78CEq3LaECT3m0QAmmZ2DT-&usp=drive_fs,https://daotao.sgu.edu.vn/index.php/van-ban/chuong-trinh-dao-tao/chuong-trinh-dao-tao-chu-ky-2024-2028,,0,,,loi_html_khong_phai_file
daotao,chuong_trinh_dao_tao,Xem chi tiết,https://drive.google.com/open?id=11TK4Sde_g762NLXdyd-GMCZQHECrsB1Q&usp=drive_fs,https://daotao.sgu.edu.vn/index.php/van-ban/chuong-trinh-dao-tao/chuong-trinh-dao-tao-chu-ky-2024-2028,,0,,,loi_html_khong_phai_file
daotao,chuong_trinh_dao_tao,Xem chi tiết,https://drive.google.com/open?id=14pCgaZWL9fNRDjDGXzQKxfYZy2fElymA&usp=drive_fs,https://daotao.sgu.edu.vn/index.php/van-ban/chuong-trinh-dao-tao/chuong-trinh-dao-tao-chu-ky-2024-2028,,0,,,loi_html_khong_phai_file
daotao,chuong_trinh_dao_tao,Xem chi tiết,https://drive.google.com/open?id=11t27ZwPaOvHtO-1JLn1CwT7BQ2gaR44_&usp=drive_fs,https://daotao.sgu.edu.vn/index.php/van-ban/chuong-trinh-dao-tao/chuong-trinh-dao-tao-chu-ky-2024-2028,,0,,,loi_html_khong_phai_file
daotao,chuong_trinh_dao_tao,Xem chi tiết,https://drive.google.com/open?id=14JW7wMjUKNPKdCDNZXwjV5zhENL1_GRH&usp=drive_fs,https://daotao.sgu.edu.vn/index.php/van-ban/chuong-trinh-dao-tao/chuong-trinh-dao-tao-chu-ky-2024-2028,,0,,,loi_html_khong_phai_file
daotao,chuong_trinh_dao_tao,Xem chi tiết,https://drive.google.com/open?id=10XI3zezUJS8C4-IPcy1yAP0d1ugf31K9&usp=drive_fs,https://daotao.sgu.edu.vn/index.php/van-ban/chuong-trinh-dao-tao/chuong-trinh-dao-tao-chu-ky-2024-2028,,0,,,loi_html_khong_phai_file
daotao,chuong_trinh_dao_tao,Xem chi tiết,https://drive.google.com/open?id=15D4-YQm3JndTbGahpQx7dymVPAN-P0Wb&usp=drive_fs,https://daotao.sgu.edu.vn/index.php/van-ban/chuong-trinh-dao-tao/chuong-trinh-dao-tao-chu-ky-2024-2028,,0,,,loi_html_khong_phai_file
daotao,chuong_trinh_dao_tao,Xem chi tiết,https://drive.google.com/open?id=11k8YXgnSUbe9MJ6fAFru4t8drDMk3-t-&usp=drive_fs,https://daotao.sgu.edu.vn/index.php/van-ban/chuong-trinh-dao-tao/chuong-trinh-dao-tao-chu-ky-2024-2028,,0,,,loi_html_khong_phai_file
daotao,chuong_trinh_dao_tao,Xem chi tiết,https://drive.google.com/open?id=11t9wXyiAcoRhMQ-9JQYP0o8Sjdhf7o4P&usp=drive_fs,https://daotao.sgu.edu.vn/index.php/van-ban/chuong-trinh-dao-tao/chuong-trinh-dao-tao-chu-ky-2024-2028,,0,,,loi_html_khong_phai_file
daotao,chuong_trinh_dao_tao,Xem chi tiết,https://drive.google.com/open?id=14iExaleQ8ICXVBl-qvbMPNsTFImWO9LP&usp=drive_fs,https://daotao.sgu.edu.vn/index.php/van-ban/chuong-trinh-dao-tao/chuong-trinh-dao-tao-chu-ky-2024-2028,,0,,,loi_html_khong_phai_file
daotao,chuong_trinh_dao_tao,Xem chi tiết,https://drive.google.com/open?id=11Sw9EZW5ANgkgYZwDq1wlc-EHMEobUJk&usp=drive_fs,https://daotao.sgu.edu.vn/index.php/van-ban/chuong-trinh-dao-tao/chuong-trinh-dao-tao-chu-ky-2024-2028,,0,,,loi_html_khong_phai_file
daotao,chuong_trinh_dao_tao,Xem chi tiết,https://drive.google.com/open?id=11nfjCf83Ow66hCWOqlms01481JHzniU0&usp=drive_fs,https://daotao.sgu.edu.vn/index.php/van-ban/chuong-trinh-dao-tao/chuong-trinh-dao-tao-chu-ky-2024-2028,,0,,,loi_html_khong_phai_file
daotao,chuong_trinh_dao_tao,Xem chi tiết,https://drive.google.com/open?id=1126OzHR1-Uqg4tYUaF3ilI8kfpwZ-bg2&usp=drive_fs,https://daotao.sgu.edu.vn/index.php/van-ban/chuong-trinh-dao-tao/chuong-trinh-dao-tao-chu-ky-2024-2028,,0,,,loi_html_khong_phai_file
daotao,chuong_trinh_dao_tao,Xem chi tiết,https://drive.google.com/open?id=13_u0kEqCnkd2M113dwfYS-H38aKDXRNh&usp=drive_fs,https://daotao.sgu.edu.vn/index.php/van-ban/chuong-trinh-dao-tao/chuong-trinh-dao-tao-chu-ky-2024-2028,,0,,,loi_html_khong_phai_file
daotao,chuong_trinh_dao_tao,Xem chi tiết,https://drive.google.com/open?id=11XfwTmEnuC_lbEumPPcGqS4GFyUdpC7D&usp=drive_fs,https://daotao.sgu.edu.vn/index.php/van-ban/chuong-trinh-dao-tao/chuong-trinh-dao-tao-chu-ky-2024-2028,,0,,,loi_html_khong_phai_file
daotao,chuong_trinh_dao_tao,Xem chi tiết,https://drive.google.com/file/d/10Ip-sflLiY-hqrbI_6WFWtAQztwrSnWw/view?usp=sharing,https://daotao.sgu.edu.vn/index.php/van-ban/chuong-trinh-dao-tao/chuong-trinh-dao-tao-chu-ky-2024-2028,daotao/chuong_trinh_dao_tao/CNKTDDT_CTDT_2024_2028.pdf,16691375,f29bc775ff95b3a7707ccd29b74d104393864f8b2cc01bd0a15cead5f9a3dcf0,0,ok
daotao,chuong_trinh_dao_tao,Xem chi tiết,https://drive.google.com/file/d/11VzB374tIA8txfN3oJiIkVAsKhIBLVfC/view?usp=sharing,https://daotao.sgu.edu.vn/index.php/van-ban/chuong-trinh-dao-tao/chuong-trinh-dao-tao-chu-ky-2024-2028,daotao/chuong_trinh_dao_tao/CNKTDTVT_CTDT_2024_2028.pdf,16676621,76c42c205d6481d12ac4af19404117ab5a35331924c370c0f1b467f2933b9c26,0,ok
daotao,chuong_trinh_dao_tao,Xem chi tiết,https://drive.google.com/file/d/1-hMBq6GSgeVmUno4bGhqfIZEf-0LIGl0/view?usp=sharing,https://daotao.sgu.edu.vn/index.php/van-ban/chuong-trinh-dao-tao/chuong-trinh-dao-tao-chu-ky-2024-2028,daotao/chuong_trinh_dao_tao/CongNgheKTMT_MoTa_CTDT_2428.pdf,17924107,8f40a15ce85fd68f21ee794be7adc0ffe31a978d2774a41b1a219a12223e597c,0,ok
daotao,chuong_trinh_dao_tao,Xem chi tiết,https://drive.google.com/file/d/12Wzm8Lcesgf0DXQ6mqzk_yjex37xTqNR/view?usp=sharing,https://daotao.sgu.edu.vn/index.php/van-ban/chuong-trinh-dao-tao/chuong-trinh-dao-tao-chu-ky-2024-2028,daotao/chuong_trinh_dao_tao/KTD_CTDT_2024_2028.pdf,19720428,b23b13c8f1d6709a9d135c32091249eec00cc27fb67ae66d405082103785e0d3,0,ok
daotao,chuong_trinh_dao_tao,Xem chi tiết,https://drive.google.com/file/d/10ALk1YEPu1h211uU_ggW4pxchaiOaGOV/view?usp=sharing,https://daotao.sgu.edu.vn/index.php/van-ban/chuong-trinh-dao-tao/chuong-trinh-dao-tao-chu-ky-2024-2028,daotao/chuong_trinh_dao_tao/KTDTVT_CTDT_2024_2028.pdf,17226123,e6059a880e4b7fbb879b3be0325ce6817483887ba474c376055005884673832d,0,ok
daotao,chuong_trinh_dao_tao,Xem chi tiết,https://drive.google.com/open?id=142kwz5ve2OrDld7cRz_8PZIpQHl5T3EZ&usp=drive_fs,https://daotao.sgu.edu.vn/index.php/van-ban/chuong-trinh-dao-tao/chuong-trinh-dao-tao-chu-ky-2024-2028,,0,,,loi_html_khong_phai_file
daotao,chuong_trinh_dao_tao,Xem chi tiết,https://drive.google.com/open?id=11awqpkLuQ3QDHyZdHL4Vi0i-PFffOC-X&usp=drive_fs,https://daotao.sgu.edu.vn/index.php/van-ban/chuong-trinh-dao-tao/chuong-trinh-dao-tao-chu-ky-2024-2028,,0,,,loi_html_khong_phai_file
daotao,chuong_trinh_dao_tao,Xem chi tiết,https://drive.google.com/open?id=14KOcwus2rj9LBDAnM7A37P195KwwgQlb&usp=drive_fs,https://daotao.sgu.edu.vn/index.php/van-ban/chuong-trinh-dao-tao/chuong-trinh-dao-tao-chu-ky-2024-2028,,0,,,loi_html_khong_phai_file
daotao,chuong_trinh_dao_tao,Xem chi tiết,https://drive.google.com/open?id=1-3K6sbJ5jXV_DF3VgefWxslI0CyFOUZy&usp=drive_fs,https://daotao.sgu.edu.vn/index.php/van-ban/chuong-trinh-dao-tao/chuong-trinh-dao-tao-chu-ky-2024-2028,,0,,,loi_html_khong_phai_file
daotao,chuong_trinh_dao_tao,Xem chi tiết,https://drive.google.com/open?id=13s_R3x_oXvX_OweKaYZev3mpPTdgf3Bg&usp=drive_fs,https://daotao.sgu.edu.vn/index.php/van-ban/chuong-trinh-dao-tao/chuong-trinh-dao-tao-chu-ky-2024-2028,,0,,,loi_html_khong_phai_file
daotao,chuong_trinh_dao_tao,Xem chi tiết,https://drive.google.com/open?id=15B4ky_truckK33OzjE--dG90RK4eygy-&usp=drive_fs,https://daotao.sgu.edu.vn/index.php/van-ban/chuong-trinh-dao-tao/chuong-trinh-dao-tao-chu-ky-2024-2028,,0,,,loi_html_khong_phai_file
daotao,chuong_trinh_dao_tao,Xem chi tiết,https://drive.google.com/open?id=14AHj55XxMjXMnC_0xIZgm532m5iGOdlU&usp=drive_fs,https://daotao.sgu.edu.vn/index.php/van-ban/chuong-trinh-dao-tao/chuong-trinh-dao-tao-chu-ky-2024-2028,,0,,,loi_html_khong_phai_file
daotao,chuong_trinh_dao_tao,Xem chi tiết,https://drive.google.com/open?id=12K1HXUyBuP4C4sESrGp3qQwI8Mz__jEH&usp=drive_fs,https://daotao.sgu.edu.vn/index.php/van-ban/chuong-trinh-dao-tao/chuong-trinh-dao-tao-chu-ky-2024-2028,,0,,,loi_html_khong_phai_file
daotao,chuong_trinh_dao_tao,Xem chi tiết,https://drive.google.com/open?id=111ykjlj9THNp8-H8M1AQy8VJkvpV0f0G&usp=drive_fs,https://daotao.sgu.edu.vn/index.php/van-ban/chuong-trinh-dao-tao/chuong-trinh-dao-tao-chu-ky-2024-2028,,0,,,loi_html_khong_phai_file
daotao,chuong_trinh_dao_tao,Xem chi tiết,https://drive.google.com/open?id=11aQiZwJzFvPAnH4WVIfdbVIT25GYMvXV&usp=drive_fs,https://daotao.sgu.edu.vn/index.php/van-ban/chuong-trinh-dao-tao/chuong-trinh-dao-tao-chu-ky-2024-2028,,0,,,loi_html_khong_phai_file
daotao,chuong_trinh_dao_tao,Xem chi tiết,https://drive.google.com/open?id=11Fkx4td8bNLcH1xvckry6dcMjVPBisCU&usp=drive_fs,https://daotao.sgu.edu.vn/index.php/van-ban/chuong-trinh-dao-tao/chuong-trinh-dao-tao-chu-ky-2024-2028,,0,,,loi_html_khong_phai_file
daotao,chuong_trinh_dao_tao,Xem chi tiết,https://drive.google.com/file/d/112DvWt-egCYmHG9cNWCD1vsqh0yNH7Zr/view?usp=share_link,https://daotao.sgu.edu.vn/index.php/van-ban/chuong-trinh-dao-tao/chuong-trinh-dao-tao-chu-ky-2024-2028,,0,,,loi_html_khong_phai_file
daotao,chuong_trinh_dao_tao,Xem chi tiết,https://drive.google.com/file/d/12ENSw9tkJIw7CCEawMcs9eadTXcMJKoC/view?usp=sharing,https://daotao.sgu.edu.vn/index.php/van-ban/chuong-trinh-dao-tao/chuong-trinh-dao-tao-chu-ky-2024-2028,daotao/chuong_trinh_dao_tao/SuPhamAmNhac_MoTa_CTDT_2428.pdf,19024257,bfe93a7406de7788242e2cdfcfc35bbd0f0038020adea14c616d9baf677eb6f1,0,ok
daotao,chuong_trinh_dao_tao,Xem chi tiết,https://drive.google.com/open?id=10AVSZAkPJRnEXZP0mlfN-QqGCBvj8UZ8&usp=drive_fs,https://daotao.sgu.edu.vn/index.php/van-ban/chuong-trinh-dao-tao/chuong-trinh-dao-tao-chu-ky-2024-2028,,0,,,loi_html_khong_phai_file
daotao,chuong_trinh_dao_tao,Xem chi tiết,https://drive.google.com/open?id=13laQqF2n3mAT3vQQGqQKfpX2c3_Oy5xg&usp=drive_fs,https://daotao.sgu.edu.vn/index.php/van-ban/chuong-trinh-dao-tao/chuong-trinh-dao-tao-chu-ky-2024-2028,,0,,,loi_html_khong_phai_file
daotao,chuong_trinh_dao_tao,Xem chi tiết,https://drive.google.com/open?id=13ymNwuXirxhtAqvAy2xU3NWK3u9dVowk&usp=drive_fs,https://daotao.sgu.edu.vn/index.php/van-ban/chuong-trinh-dao-tao/chuong-trinh-dao-tao-chu-ky-2024-2028,,0,,,loi_html_khong_phai_file
daotao,chuong_trinh_dao_tao,Xem chi tiết,https://drive.google.com/open?id=13l-ff1UR3tYrCsuRsCAg2JXXFhoCe6FW&usp=drive_fs,https://daotao.sgu.edu.vn/index.php/van-ban/chuong-trinh-dao-tao/chuong-trinh-dao-tao-chu-ky-2024-2028,,0,,,loi_html_khong_phai_file
daotao,chuong_trinh_dao_tao,Xem chi tiết,https://drive.google.com/file/d/1JGEG_yZUt_VcOcIhxi3b3WD4FcNVh31U/view?usp=sharing,https://daotao.sgu.edu.vn/index.php/van-ban/chuong-trinh-dao-tao/chuong-trinh-dao-tao-chu-ky-2024-2028,daotao/chuong_trinh_dao_tao/CTDT_DiaLyHoc25.pdf,19807061,bb1e28240160ac654e6f344f28578aeb0af95bcd1c49bc64125403033c0b8227,0,ok
daotao,chuong_trinh_dao_tao,Xem chi tiết,https://drive.google.com/file/d/1luQY6Yrc2b-ppxHZr59sln-izkq0sr2P/view?usp=drive_link,https://daotao.sgu.edu.vn/index.php/van-ban/chuong-trinh-dao-tao/chuong-trinh-dao-tao-chu-ky-2024-2028,daotao/chuong_trinh_dao_tao/CTDT_LichSu25.pdf,22269577,2153c25d6128bb8299781d81b33d66085d95b99cd7dfc15c566cb07b18fc50a8,0,ok
daotao,chuong_trinh_dao_tao,Xem chi tiết,https://daotao.sgu.edu.vn/images/pdf/chuong_trinh_dao_tao/2016/1620_SPToan.pdf,https://daotao.sgu.edu.vn/index.php/van-ban/chuong-trinh-dao-tao/chuong-trinh-dao-tao-chu-ki-2016-2020,daotao/chuong_trinh_dao_tao/1620_SPToan.pdf,1883635,528d72dafdb612331eae5d4a42c6215d62d90b541fed068143a2464ddd66f3bd,4136,ok
daotao,chuong_trinh_dao_tao,Xem chi tiết,https://daotao.sgu.edu.vn/images/pdf/chuong_trinh_dao_tao/2016/1620_SPVatly.pdf,https://daotao.sgu.edu.vn/index.php/van-ban/chuong-trinh-dao-tao/chuong-trinh-dao-tao-chu-ki-2016-2020,daotao/chuong_trinh_dao_tao/1620_SPVatly.pdf,4334330,c6937e786fc78069c48ee1e36d43113c5272c7cbb047b8a548ec1f8df33e6b14,0,ok
daotao,chuong_trinh_dao_tao,Xem chi tiết,https://daotao.sgu.edu.vn/images/pdf/chuong_trinh_dao_tao/2016/1620_SPHoahoc.pdf,https://daotao.sgu.edu.vn/index.php/van-ban/chuong-trinh-dao-tao/chuong-trinh-dao-tao-chu-ki-2016-2020,daotao/chuong_trinh_dao_tao/1620_SPHoahoc.pdf,875337,c55b345418a18df70dcaf7565bcc2dbe35065fe2f3e85f7bca6b19cd8a857ff9,4041,ok
daotao,chuong_trinh_dao_tao,Xem chi tiết,https://daotao.sgu.edu.vn/images/pdf/chuong_trinh_dao_tao/2016/1620_SPSinhoc.pdf,https://daotao.sgu.edu.vn/index.php/van-ban/chuong-trinh-dao-tao/chuong-trinh-dao-tao-chu-ki-2016-2020,daotao/chuong_trinh_dao_tao/1620_SPSinhoc.pdf,824518,bcd23b40e5ec97581467876f7e867280d01ad89579aa4db90d1c69f799f676e3,4057,ok
daotao,chuong_trinh_dao_tao,Xem chi tiết,https://daotao.sgu.edu.vn/images/pdf/chuong_trinh_dao_tao/2016/1620_SPNguvan.pdf,https://daotao.sgu.edu.vn/index.php/van-ban/chuong-trinh-dao-tao/chuong-trinh-dao-tao-chu-ki-2016-2020,daotao/chuong_trinh_dao_tao/1620_SPNguvan.pdf,189718,ad420ee5e6af7dbc40280a5116dd8b09439297ea95b17ebc692eb024522174f8,471,ok
daotao,chuong_trinh_dao_tao,Xem chi tiết,https://daotao.sgu.edu.vn/images/pdf/chuong_trinh_dao_tao/2016/1620_SPTiengAnh.pdf,https://daotao.sgu.edu.vn/index.php/van-ban/chuong-trinh-dao-tao/chuong-trinh-dao-tao-chu-ki-2016-2020,daotao/chuong_trinh_dao_tao/1620_SPTiengAnh.pdf,3008508,eab25b8d7ebc551f4514a2ef93f05c45b75fa27b938ed3cb07b395f7a0dd8b0e,4358,ok
daotao,chuong_trinh_dao_tao,Xem chi tiết,https://daotao.sgu.edu.vn/images/pdf/chuong_trinh_dao_tao/2016/1620_GDTH.pdf,https://daotao.sgu.edu.vn/index.php/van-ban/chuong-trinh-dao-tao/chuong-trinh-dao-tao-chu-ki-2016-2020,daotao/chuong_trinh_dao_tao/1620_GDTH.pdf,1881041,5b6498e7a2295292af2e096804d201c95f47e49b875f3d7d7a8c52248481e1df,4097,ok
daotao,chuong_trinh_dao_tao,Xem chi tiết,https://daotao.sgu.edu.vn/images/pdf/chuong_trinh_dao_tao/2016/1620_SPAmnhac.pdf,https://daotao.sgu.edu.vn/index.php/van-ban/chuong-trinh-dao-tao/chuong-trinh-dao-tao-chu-ki-2016-2020,daotao/chuong_trinh_dao_tao/1620_SPAmnhac.pdf,3792642,7e4d259270a4febc4f7dd46dc974361e2340648ed70bb032b66e8f629bb1b197,4122,ok
daotao,chuong_trinh_dao_tao,Xem chi tiết,https://daotao.sgu.edu.vn/images/pdf/chuong_trinh_dao_tao/2016/1620_SP%20Mythuat.pdf,https://daotao.sgu.edu.vn/index.php/van-ban/chuong-trinh-dao-tao/chuong-trinh-dao-tao-chu-ki-2016-2020,daotao/chuong_trinh_dao_tao/1620_SP Mythuat.pdf,1493767,fe6ef364e7603641c84bf6b9e3e1933b1ab9d06f1424e3fbbd41c71385a83068,4039,ok
daotao,chuong_trinh_dao_tao,Xem chi tiết,https://daotao.sgu.edu.vn/images/pdf/chuong_trinh_dao_tao/2016/1620_GDMN.pdf,https://daotao.sgu.edu.vn/index.php/van-ban/chuong-trinh-dao-tao/chuong-trinh-dao-tao-chu-ki-2016-2020,daotao/chuong_trinh_dao_tao/1620_GDMN.pdf,1971688,c18e67d860d5228c4d585be54c56b7417f1658090953c37fa43fd70b0429eb37,4539,ok
daotao,chuong_trinh_dao_tao,Xem chi tiết,https://daotao.sgu.edu.vn/images/pdf/chuong_trinh_dao_tao/2016/1620_SPTunhien.pdf,https://daotao.sgu.edu.vn/index.php/van-ban/chuong-trinh-dao-tao/chuong-trinh-dao-tao-chu-ki-2016-2020,daotao/chuong_trinh_dao_tao/1620_SPTunhien.pdf,6437040,9d4db5c797f4aa3aa4e31be3f062742abaa7bb1c576a48132389c29902cf7ac9,3801,ok
daotao,chuong_trinh_dao_tao,Xem chi tiết,https://daotao.sgu.edu.vn/images/pdf/chuong_trinh_dao_tao/2016/1620_GDCT.pdf,https://daotao.sgu.edu.vn/index.php/van-ban/chuong-trinh-dao-tao/chuong-trinh-dao-tao-chu-ki-2016-2020,daotao/chuong_trinh_dao_tao/1620_GDCT.pdf,8845906,b796f5b6a9ac6a9f055e93953b9284d1b12caed19acaeb36d0a53098bd2a4a44,4065,ok
daotao,chuong_trinh_dao_tao,Xem chi tiết,https://daotao.sgu.edu.vn/images/pdf/chuong_trinh_dao_tao/2016/1620_KeToan.pdf,https://daotao.sgu.edu.vn/index.php/van-ban/chuong-trinh-dao-tao/chuong-trinh-dao-tao-chu-ki-2016-2020,daotao/chuong_trinh_dao_tao/1620_KeToan.pdf,6537350,081f2f10c9f1294e3daa972bd7b73e0485cc2adbddb81d14fcb8259e02beeed9,4357,ok
daotao,chuong_trinh_dao_tao,Xem chi tiết,https://daotao.sgu.edu.vn/images/pdf/chuong_trinh_dao_tao/2016/1620_QTKD.pdf,https://daotao.sgu.edu.vn/index.php/van-ban/chuong-trinh-dao-tao/chuong-trinh-dao-tao-chu-ki-2016-2020,daotao/chuong_trinh_dao_tao/1620_QTKD.pdf,2090454,504c5ec54267d847ffe5cdc29bb6976ced67f7ada39c72ce57b67d7460186f50,3950,ok
daotao,chuong_trinh_dao_tao,Xem chi tiết,https://daotao.sgu.edu.vn/images/pdf/chuong_trinh_dao_tao/2016/1620_KDQT.pdf,https://daotao.sgu.edu.vn/index.php/van-ban/chuong-trinh-dao-tao/chuong-trinh-dao-tao-chu-ki-2016-2020,daotao/chuong_trinh_dao_tao/1620_KDQT.pdf,3721377,9b3baf3607b0880280bf2a8e071eba7fbe39511c9ac8ade27555e2790e0ed519,0,ok
daotao,chuong_trinh_dao_tao,Xem chi tiết,https://daotao.sgu.edu.vn/images/pdf/chuong_trinh_dao_tao/2016/1620_KHMoitruong.pdf,https://daotao.sgu.edu.vn/index.php/van-ban/chuong-trinh-dao-tao/chuong-trinh-dao-tao-chu-ki-2016-2020,daotao/chuong_trinh_dao_tao/1620_KHMoitruong.pdf,3996976,f2f772cda8f45ddfb4ba482caf759a5665f6107a667e7622ce7266082c9b25c6,4243,ok
daotao,chuong_trinh_dao_tao,Xem chi tiết,https://daotao.sgu.edu.vn/images/pdf/chuong_trinh_dao_tao/2016/1620_TCNH.pdf,https://daotao.sgu.edu.vn/index.php/van-ban/chuong-trinh-dao-tao/chuong-trinh-dao-tao-chu-ki-2016-2020,daotao/chuong_trinh_dao_tao/1620_TCNH.pdf,5379113,cfd37fd9ec2dc4d40ea3d0e223a0ce98798b60277e9b52e74fb2d0f45d422c48,4430,ok
daotao,chuong_trinh_dao_tao,Xem chi tiết,https://daotao.sgu.edu.vn/images/pdf/chuong_trinh_dao_tao/2016/1620_Luat.pdf,https://daotao.sgu.edu.vn/index.php/van-ban/chuong-trinh-dao-tao/chuong-trinh-dao-tao-chu-ki-2016-2020,daotao/chuong_trinh_dao_tao/1620_Luat.pdf,6092529,8084c6d2839dfbea69a769565a1bc096e71ae34b1f27beb117061f0ca3036a35,7437,ok
daotao,chuong_trinh_dao_tao,Xem chi tiết,https://daotao.sgu.edu.vn/images/pdf/chuong_trinh_dao_tao/2016/1620_QLGD.pdf,https://daotao.sgu.edu.vn/index.php/van-ban/chuong-trinh-dao-tao/chuong-trinh-dao-tao-chu-ki-2016-2020,daotao/chuong_trinh_dao_tao/1620_QLGD.pdf,5275145,eedb099148464f16546c9e6a9ffbfd86aa9822c8e3699bc9e3504825626c890e,3971,ok
daotao,chuong_trinh_dao_tao,Xem chi tiết,https://daotao.sgu.edu.vn/images/pdf/chuong_trinh_dao_tao/2016/1620_ToanUD.pdf,https://daotao.sgu.edu.vn/index.php/van-ban/chuong-trinh-dao-tao/chuong-trinh-dao-tao-chu-ki-2016-2020,daotao/chuong_trinh_dao_tao/1620_ToanUD.pdf,2126454,4723a5a8f16fad74a2da93aedf34c94d3e3e7597b2de6430aa0658cbcfe42e9c,4150,ok
daotao,chuong_trinh_dao_tao,Xem chi tiết,https://daotao.sgu.edu.vn/images/pdf/chuong_trinh_dao_tao/2016/1620_TLy.pdf,https://daotao.sgu.edu.vn/index.php/van-ban/chuong-trinh-dao-tao/chuong-trinh-dao-tao-chu-ki-2016-2020,daotao/chuong_trinh_dao_tao/1620_TLy.pdf,2820721,533de88b12c63d5ae2b1bed4c5c480fda5b4e71ca28af58098c12a644de8c88f,3965,ok
daotao,chuong_trinh_dao_tao,Xem chi tiết,https://daotao.sgu.edu.vn/images/pdf/chuong_trinh_dao_tao/2016/1620_VNHoc.pdf,https://daotao.sgu.edu.vn/index.php/van-ban/chuong-trinh-dao-tao/chuong-trinh-dao-tao-chu-ki-2016-2020,daotao/chuong_trinh_dao_tao/1620_VNHoc.pdf,4307818,b3427aa2353b5a8ad46755469170e7907835bd266227c2e6f537373c3c6527d0,4154,ok
daotao,chuong_trinh_dao_tao,Xem chi tiết,https://daotao.sgu.edu.vn/images/pdf/chuong_trinh_dao_tao/2016/1620_NNAnh.pdf,https://daotao.sgu.edu.vn/index.php/van-ban/chuong-trinh-dao-tao/chuong-trinh-dao-tao-chu-ki-2016-2020,daotao/chuong_trinh_dao_tao/1620_NNAnh.pdf,4232362,19f5ff6c1e8699f1458702d17c050fa19958a1536b99a2fb51c76be2f8bb2b26,4351,ok
daotao,chuong_trinh_dao_tao,Xem chi tiết,https://daotao.sgu.edu.vn/images/pdf/chuong_trinh_dao_tao/2016/1620_KHThuvien.pdf,https://daotao.sgu.edu.vn/index.php/van-ban/chuong-trinh-dao-tao/chuong-trinh-dao-tao-chu-ki-2016-2020,daotao/chuong_trinh_dao_tao/1620_KHThuvien.pdf,1700061,ac21d6ca97101f8124fa9775ac1fbaf8a2fbc47c0054876b08299c205442e717,4035,ok
daotao,chuong_trinh_dao_tao,Xem chi tiết,https://daotao.sgu.edu.vn/images/pdf/chuong_trinh_dao_tao/2016/1620_QThoc.pdf,https://daotao.sgu.edu.vn/index.php/van-ban/chuong-trinh-dao-tao/chuong-trinh-dao-tao-chu-ki-2016-2020,daotao/chuong_trinh_dao_tao/1620_QThoc.pdf,5487649,e503851bb45ff89002c2b3aa96ae77fe239af4de294e3aaf57700f5f02f09504,4003,ok
daotao,chuong_trinh_dao_tao,Xem chi tiết,https://daotao.sgu.edu.vn/images/pdf/chuong_trinh_dao_tao/2016/1620_Thanhnhac.pdf,https://daotao.sgu.edu.vn/index.php/van-ban/chuong-trinh-dao-tao/chuong-trinh-dao-tao-chu-ki-2016-2020,daotao/chuong_trinh_dao_tao/1620_Thanhnhac.pdf,3720909,1856deaec550c0db5d567622343b390cb853b44a1d3d04b04782713eb597ebe7,4111,ok
daotao,chuong_trinh_dao_tao,Xem chi tiết,https://daotao.sgu.edu.vn/images/pdf/chuong_trinh_dao_tao/2016/1620_CNKT_Moitruong.pdf,https://daotao.sgu.edu.vn/index.php/van-ban/chuong-trinh-dao-tao/chuong-trinh-dao-tao-chu-ki-2016-2020,daotao/chuong_trinh_dao_tao/1620_CNKT_Moitruong.pdf,3975997,b156665331d2e494b8dedde31f4be5dc60bfcef057b4b6a50eee4d915fe19187,4512,ok
daotao,chuong_trinh_dao_tao,Xem chi tiết,https://daotao.sgu.edu.vn/images/pdf/chuong_trinh_dao_tao/2016/1620_CNTT.pdf,https://daotao.sgu.edu.vn/index.php/van-ban/chuong-trinh-dao-tao/chuong-trinh-dao-tao-chu-ki-2016-2020,daotao/chuong_trinh_dao_tao/1620_CNTT.pdf,1943860,dd09121a72fb91882703c7f3e964783c564299d14b68e2832f8fcfe3d203a965,4208,ok
daotao,chuong_trinh_dao_tao,Xem chi tiết,https://daotao.sgu.edu.vn/images/pdf/chuong_trinh_dao_tao/2016/1620_KTPM.pdf,https://daotao.sgu.edu.vn/index.php/van-ban/chuong-trinh-dao-tao/chuong-trinh-dao-tao-chu-ki-2016-2020,daotao/chuong_trinh_dao_tao/1620_KTPM.pdf,3863533,d4dbf55a2c7014c20b09b90c115103de420bc35e36cb1202a998a001784d4cc4,0,ok
daotao,chuong_trinh_dao_tao,Xem chi tiết,https://daotao.sgu.edu.vn/images/pdf/chuong_trinh_dao_tao/2016/1620_CNKTDien-Dienty.pdf,https://daotao.sgu.edu.vn/index.php/van-ban/chuong-trinh-dao-tao/chuong-trinh-dao-tao-chu-ki-2016-2020,daotao/chuong_trinh_dao_tao/1620_CNKTDien-Dienty.pdf,6056926,f5da94c398da6326dddbec38f71520095cb9be6a434a0287e357399aa07162a6,4199,ok
daotao,chuong_trinh_dao_tao,Xem chi tiết,https://daotao.sgu.edu.vn/images/pdf/chuong_trinh_dao_tao/2016/1620_KTDienTu_Truyenthong.pdf,https://daotao.sgu.edu.vn/index.php/van-ban/chuong-trinh-dao-tao/chuong-trinh-dao-tao-chu-ki-2016-2020,daotao/chuong_trinh_dao_tao/1620_KTDienTu_Truyenthong.pdf,4690676,f6b4380e1602997dfa70cbc3697c2f86a6ca91a582f3d0c14b2b5de2b42f811e,4197,ok
daotao,chuong_trinh_dao_tao,Xem chi tiết,https://daotao.sgu.edu.vn/images/pdf/chuong_trinh_dao_tao/2016/1620_CNKTDienTu-Truyenthong.pdf,https://daotao.sgu.edu.vn/index.php/van-ban/chuong-trinh-dao-tao/chuong-trinh-dao-tao-chu-ki-2016-2020,daotao/chuong_trinh_dao_tao/1620_CNKTDienTu-Truyenthong.pdf,4705159,b069c6a112922528308639f87042592cf98c75ad40bda54cf872beadb537584e,4216,ok
daotao,chuong_trinh_dao_tao,Tải về,https://daotao.sgu.edu.vn/images/pdf/chuong_trinh_dao_tao/2020/phanmota/DTO.pdf,https://daotao.sgu.edu.vn/index.php/van-ban/chuong-trinh-dao-tao/chuong-trinh-dao-tao-chu-ki-2020-2024,daotao/chuong_trinh_dao_tao/DTO.pdf,4338764,f3734257e04b281ffcf14411002ce1cef60e21e40bcab67b50c86b5977076d92,0,ok
daotao,chuong_trinh_dao_tao,Tải về,https://daotao.sgu.edu.vn/images/pdf/chuong_trinh_dao_tao/2020/phanmota/DLI.pdf,https://daotao.sgu.edu.vn/index.php/van-ban/chuong-trinh-dao-tao/chuong-trinh-dao-tao-chu-ki-2020-2024,daotao/chuong_trinh_dao_tao/DLI.pdf,4104677,6b2b2c98f7e1600f75f99af22c1540e639c5922c6100e265050722123387938a,0,ok
daotao,chuong_trinh_dao_tao,Tải về,https://daotao.sgu.edu.vn/images/pdf/chuong_trinh_dao_tao/2020/phanmota/DHO.pdf,https://daotao.sgu.edu.vn/index.php/van-ban/chuong-trinh-dao-tao/chuong-trinh-dao-tao-chu-ki-2020-2024,daotao/chuong_trinh_dao_tao/DHO.pdf,4110167,13aec1aae62c4ddd5d83d28e7a8d231bf76a5c3eefb9e40b5524ddcb422de8ee,0,ok
daotao,chuong_trinh_dao_tao,Tải về,https://daotao.sgu.edu.vn/images/pdf/chuong_trinh_dao_tao/2020/phanmota/DSI.pdf,https://daotao.sgu.edu.vn/index.php/van-ban/chuong-trinh-dao-tao/chuong-trinh-dao-tao-chu-ki-2020-2024,daotao/chuong_trinh_dao_tao/DSI.pdf,3932785,837cb443042610a0691695c83b18b9ede39619a548d13ada33e47f4f8ad9b5b2,0,ok
daotao,chuong_trinh_dao_tao,Tải về,https://daotao.sgu.edu.vn/images/pdf/chuong_trinh_dao_tao/2020/phanmota/DVA.pdf,https://daotao.sgu.edu.vn/index.php/van-ban/chuong-trinh-dao-tao/chuong-trinh-dao-tao-chu-ki-2020-2024,daotao/chuong_trinh_dao_tao/DVA.pdf,4942855,4e1d627edae620827c2b8b29f1eba0b128679fdfcdbd1015983c0bc70ea08086,0,ok
daotao,chuong_trinh_dao_tao,Tải về,https://daotao.sgu.edu.vn/images/pdf/chuong_trinh_dao_tao/2020/phanmota/DSU.pdf,https://daotao.sgu.edu.vn/index.php/van-ban/chuong-trinh-dao-tao/chuong-trinh-dao-tao-chu-ki-2020-2024,daotao/chuong_trinh_dao_tao/DSU.pdf,4095505,da22ec63c8ed9addd2387e9072c77677294ffcb7a6c9351036d3520120b1cad1,0,ok
daotao,chuong_trinh_dao_tao,Tải về,https://daotao.sgu.edu.vn/images/pdf/chuong_trinh_dao_tao/2020/phanmota/DDI.pdf,https://daotao.sgu.edu.vn/index.php/van-ban/chuong-trinh-dao-tao/chuong-trinh-dao-tao-chu-ki-2020-2024,daotao/chuong_trinh_dao_tao/DDI.pdf,3723358,867955eb240814d48a761a4c66e6aec1772fba9831e445abd8012fc223f45c25,0,ok
daotao,chuong_trinh_dao_tao,Tải về,https://daotao.sgu.edu.vn/images/pdf/chuong_trinh_dao_tao2020/phanmota/DSA.pdf,https://daotao.sgu.edu.vn/index.php/van-ban/chuong-trinh-dao-tao/chuong-trinh-dao-tao-chu-ki-2020-2024,,0,,,loi: HTTP Error 404: Not Found
daotao,chuong_trinh_dao_tao,Tải về,https://daotao.sgu.edu.vn/images/pdf/chuong_trinh_dao_tao/2020/phanmota/DGT.pdf,https://daotao.sgu.edu.vn/index.php/van-ban/chuong-trinh-dao-tao/chuong-trinh-dao-tao-chu-ki-2020-2024,daotao/chuong_trinh_dao_tao/DGT.pdf,4090405,57d7a273d76bcf828a0c67f021b5776918007aeb7b80a8c3efcd611429514078,0,ok
daotao,chuong_trinh_dao_tao,Tải về,https://daotao.sgu.edu.vn/images/pdf/chuong_trinh_dao_tao/2020/phanmota/DNH.pdf,https://daotao.sgu.edu.vn/index.php/van-ban/chuong-trinh-dao-tao/chuong-trinh-dao-tao-chu-ki-2020-2024,daotao/chuong_trinh_dao_tao/DNH.pdf,4483897,0e4151d36f4b57582be8253c6a80300f07aa34d91a3c5d4a3909f4e55d3735cf,0,ok
daotao,chuong_trinh_dao_tao,Tải về,https://daotao.sgu.edu.vn/images/pdf/chuong_trinh_dao_tao/2020/phanmota/DMI.pdf,https://daotao.sgu.edu.vn/index.php/van-ban/chuong-trinh-dao-tao/chuong-trinh-dao-tao-chu-ki-2020-2024,daotao/chuong_trinh_dao_tao/DMI.pdf,3243142,1ce2e42f0ccc1d834017ded7ca8ecb9388c3981458053f50247764b8e2b95bcd,0,ok
daotao,chuong_trinh_dao_tao,Tải về,https://daotao.sgu.edu.vn/images/pdf/chuong_trinh_dao_tao/2020/phanmota/DGM.pdf,https://daotao.sgu.edu.vn/index.php/van-ban/chuong-trinh-dao-tao/chuong-trinh-dao-tao-chu-ki-2020-2024,daotao/chuong_trinh_dao_tao/DGM.pdf,3256699,5cf990515401d4ca98e063085f7e916949a645a74f12314545c4947757cd8834,0,ok
daotao,chuong_trinh_dao_tao,Tải về,https://daotao.sgu.edu.vn/images/pdf/chuong_trinh_dao_tao/2020/phanmota/dkh.pdf,https://daotao.sgu.edu.vn/index.php/van-ban/chuong-trinh-dao-tao/chuong-trinh-dao-tao-chu-ki-2020-2024,daotao/chuong_trinh_dao_tao/dkh.pdf,4151971,55b11ff7bbd448229242a852d9877cb827424ef71ba436a2d8d88ada220f8c89,0,ok
daotao,chuong_trinh_dao_tao,Tải về,https://daotao.sgu.edu.vn/images/pdf/chuong_trinh_dao_tao/2020/phanmota/DLD.pdf,https://daotao.sgu.edu.vn/index.php/van-ban/chuong-trinh-dao-tao/chuong-trinh-dao-tao-chu-ki-2020-2024,daotao/chuong_trinh_dao_tao/DLD.pdf,3914711,d021c1633205dff962a25d16848c7b375218d4c8cb9cacd04722f62ed619cd6a,0,ok
daotao,chuong_trinh_dao_tao,Tải về,https://daotao.sgu.edu.vn/images/pdf/chuong_trinh_dao_tao/2020/phanmota/DGD.pdf,https://daotao.sgu.edu.vn/index.php/van-ban/chuong-trinh-dao-tao/chuong-trinh-dao-tao-chu-ki-2020-2024,daotao/chuong_trinh_dao_tao/DGD.pdf,3748286,5f356c2061d784673664bfc2d6c2b87e2a13df8e8119db386c299a9f77bc0cff,0,ok
daotao,chuong_trinh_dao_tao,Tải về,https://daotao.sgu.edu.vn/images/pdf/chuong_trinh_dao_tao/2020/phanmota/DKE.pdf,https://daotao.sgu.edu.vn/index.php/van-ban/chuong-trinh-dao-tao/chuong-trinh-dao-tao-chu-ki-2020-2024,daotao/chuong_trinh_dao_tao/DKE.pdf,3096161,140696946cc32c7c49b2547b717128ec57696f442b65101a35413a2b75270f35,0,ok
daotao,chuong_trinh_dao_tao,Tải về,https://daotao.sgu.edu.vn/images/pdf/chuong_trinh_dao_tao/2020/phanmota/DQK.pdf,https://daotao.sgu.edu.vn/index.php/van-ban/chuong-trinh-dao-tao/chuong-trinh-dao-tao-chu-ki-2020-2024,daotao/chuong_trinh_dao_tao/DQK.pdf,4012083,bb1c275ae89cd9a1fa1b1ffdf31566423eb9736acc02e7b24c1b25d9183c7cf7,0,ok
daotao,chuong_trinh_dao_tao,Tải về,https://daotao.sgu.edu.vn/images/pdf/chuong_trinh_dao_tao/2020/phanmota/DKQ.pdf,https://daotao.sgu.edu.vn/index.php/van-ban/chuong-trinh-dao-tao/chuong-trinh-dao-tao-chu-ki-2020-2024,daotao/chuong_trinh_dao_tao/DKQ.pdf,3695695,628b3a4ad75dfb3f761f743e578a3676b8b08154c858a4fc148924fdd5f5d817,0,ok
daotao,chuong_trinh_dao_tao,Tải về,https://daotao.sgu.edu.vn/images/pdf/chuong_trinh_dao_tao/2020/phanmota/DKM.pdf,https://daotao.sgu.edu.vn/index.php/van-ban/chuong-trinh-dao-tao/chuong-trinh-dao-tao-chu-ki-2020-2024,daotao/chuong_trinh_dao_tao/DKM.pdf,3298645,60e11e83c740e1afe973278dbb054d132dad6aecd9d98219247a200365f33ce0,0,ok
daotao,chuong_trinh_dao_tao,Tải về,https://daotao.sgu.edu.vn/images/pdf/chuong_trinh_dao_tao/2020/phanmota/DQV.pdf,https://daotao.sgu.edu.vn/index.php/van-ban/chuong-trinh-dao-tao/chuong-trinh-dao-tao-chu-ki-2020-2024,daotao/chuong_trinh_dao_tao/DQV.pdf,3522577,7c81ae42f2b14caa2f07bd8f788925f033671d5237189bfc3ebd41f060792564,0,ok
daotao,chuong_trinh_dao_tao,Tải về,https://daotao.sgu.edu.vn/images/pdf/chuong_trinh_dao_tao/2020/phanmota/DTN.pdf,https://daotao.sgu.edu.vn/index.php/van-ban/chuong-trinh-dao-tao/chuong-trinh-dao-tao-chu-ki-2020-2024,daotao/chuong_trinh_dao_tao/DTN.pdf,3962570,4aba7f212fb4f6d48ae5d10ac50c9caee0030453dd349b28eb4c70c57b0f849b,0,ok
daotao,chuong_trinh_dao_tao,Tải về,https://daotao.sgu.edu.vn/images/pdf/chuong_trinh_dao_tao/2020/phanmota/DLU.pdf,https://daotao.sgu.edu.vn/index.php/van-ban/chuong-trinh-dao-tao/chuong-trinh-dao-tao-chu-ki-2020-2024,daotao/chuong_trinh_dao_tao/DLU.pdf,3304325,95e7ced146d3e29c58c2c3f73337b9d9322f2a9d45eada99c7d2739331b2b167,0,ok
daotao,chuong_trinh_dao_tao,Tải về,https://daotao.sgu.edu.vn/images/pdf/chuong_trinh_dao_tao/2020/phanmota/DQG.pdf,https://daotao.sgu.edu.vn/index.php/van-ban/chuong-trinh-dao-tao/chuong-trinh-dao-tao-chu-ki-2020-2024,daotao/chuong_trinh_dao_tao/DQG.pdf,3655013,953bf09ad9105030532d26c7f5592034e40f3b648f67153d6154edf71f9f8ae7,0,ok
daotao,chuong_trinh_dao_tao,Tải về,https://daotao.sgu.edu.vn/images/pdf/chuong_trinh_dao_tao/2020/phanmota/DTU.pdf,https://daotao.sgu.edu.vn/index.php/van-ban/chuong-trinh-dao-tao/chuong-trinh-dao-tao-chu-ki-2020-2024,daotao/chuong_trinh_dao_tao/DTU.pdf,4846608,1fcde9fb0862bcdc67c0f317a061445cea904d5110034cfb3359e2f5745ec414,0,ok
daotao,chuong_trinh_dao_tao,Tải về,https://daotao.sgu.edu.vn/images/pdf/chuong_trinh_dao_tao/2020/phanmota/DTL.pdf,https://daotao.sgu.edu.vn/index.php/van-ban/chuong-trinh-dao-tao/chuong-trinh-dao-tao-chu-ki-2020-2024,daotao/chuong_trinh_dao_tao/DTL.pdf,3691538,c9ac2ac63af582c76933066b827e8b6a43aeccdede4fab030595deb2c4adbed0,0,ok
daotao,chuong_trinh_dao_tao,Tải về,https://daotao.sgu.edu.vn/images/pdf/chuong_trinh_dao_tao/2020/phanmota/DVI.pdf,https://daotao.sgu.edu.vn/index.php/van-ban/chuong-trinh-dao-tao/chuong-trinh-dao-tao-chu-ki-2020-2024,daotao/chuong_trinh_dao_tao/DVI.pdf,3675669,751979e6fcced76a419205b4472e8a982629de27e1378a65d1854a574f9ef166,0,ok
daotao,chuong_trinh_dao_tao,Tải về,https://daotao.sgu.edu.vn/images/pdf/chuong_trinh_dao_tao/2020/phanmota/DAN.pdf,https://daotao.sgu.edu.vn/index.php/van-ban/chuong-trinh-dao-tao/chuong-trinh-dao-tao-chu-ki-2020-2024,daotao/chuong_trinh_dao_tao/DAN.pdf,3938084,d44fd006a1d51e58f5deca068e1d73885bdc37810c6567bff6b2c09576dc39d4,0,ok
daotao,chuong_trinh_dao_tao,Tải về,https://daotao.sgu.edu.vn/images/pdf/chuong_trinh_dao_tao/2020/phanmota/DTT.pdf,https://daotao.sgu.edu.vn/index.php/van-ban/chuong-trinh-dao-tao/chuong-trinh-dao-tao-chu-ki-2020-2024,daotao/chuong_trinh_dao_tao/DTT.pdf,3482366,523013a5ae8731c74533327f4625985e28ffacdbc1b28a70aa46034f9ac58f15,0,ok
daotao,chuong_trinh_dao_tao,Tải về,https://daotao.sgu.edu.vn/images/pdf/chuong_trinh_dao_tao/2020/phanmota/DKV.pdf,https://daotao.sgu.edu.vn/index.php/van-ban/chuong-trinh-dao-tao/chuong-trinh-dao-tao-chu-ki-2020-2024,,0,,,loi: HTTP Error 404: Not Found
daotao,chuong_trinh_dao_tao,Tải về,https://daotao.sgu.edu.vn/images/pdf/chuong_trinh_dao_tao/2020/phanmota/DQT.pdf,https://daotao.sgu.edu.vn/index.php/van-ban/chuong-trinh-dao-tao/chuong-trinh-dao-tao-chu-ki-2020-2024,daotao/chuong_trinh_dao_tao/DQT.pdf,4040171,460bcdbc04f42355b48d846870f9d10fe3fe0453e88f8e7fe9e1ffd22a4adb89,0,ok
daotao,chuong_trinh_dao_tao,Tải về,https://daotao.sgu.edu.vn/images/pdf/chuong_trinh_dao_tao/2020/phanmota/DNA.pdf,https://daotao.sgu.edu.vn/index.php/van-ban/chuong-trinh-dao-tao/chuong-trinh-dao-tao-chu-ki-2020-2024,daotao/chuong_trinh_dao_tao/DNA.pdf,4308455,2fccca0d668dbfedf9086aac2c72916fa92dc7c3aed5e6ed3af8bdd9d136e553,0,ok
daotao,chuong_trinh_dao_tao,Tải về,https://daotao.sgu.edu.vn/images/pdf/chuong_trinh_dao_tao/2020/phanmota/DCM.pdf,https://daotao.sgu.edu.vn/index.php/van-ban/chuong-trinh-dao-tao/chuong-trinh-dao-tao-chu-ki-2020-2024,daotao/chuong_trinh_dao_tao/DCM.pdf,3865990,9ab51b08793ae8d1c22a5520a7630ef779def0d4ae86f07b82e54da986cb3349,0,ok
daotao,chuong_trinh_dao_tao,Tải về,https://daotao.sgu.edu.vn/images/pdf/chuong_trinh_dao_tao/2020/phanmota/DCT.pdf,https://daotao.sgu.edu.vn/index.php/van-ban/chuong-trinh-dao-tao/chuong-trinh-dao-tao-chu-ki-2020-2024,daotao/chuong_trinh_dao_tao/DCT.pdf,4578746,57c545bd40f0e714aaafdc39ae07d00ddfec9831954ef8efa8fead520d53b0b8,0,ok
daotao,chuong_trinh_dao_tao,Tải về,https://daotao.sgu.edu.vn/images/pdf/chuong_trinh_dao_tao/2020/phanmota/DKP.pdf,https://daotao.sgu.edu.vn/index.php/van-ban/chuong-trinh-dao-tao/chuong-trinh-dao-tao-chu-ki-2020-2024,daotao/chuong_trinh_dao_tao/DKP.pdf,3863533,d4dbf55a2c7014c20b09b90c115103de420bc35e36cb1202a998a001784d4cc4,0,ok
daotao,chuong_trinh_dao_tao,Tải về,https://daotao.sgu.edu.vn/images/pdf/chuong_trinh_dao_tao/2020/phanmota/DDE.pdf,https://daotao.sgu.edu.vn/index.php/van-ban/chuong-trinh-dao-tao/chuong-trinh-dao-tao-chu-ki-2020-2024,daotao/chuong_trinh_dao_tao/DDE.pdf,3682779,3e4cb9fbb170c851a191306e9fae6a02535d6e635c4dcd2a819238bd67b431a0,0,ok
daotao,chuong_trinh_dao_tao,Tải về,https://daotao.sgu.edu.vn/images/pdf/chuong_trinh_dao_tao/2020/phanmota/DDV.pdf,https://daotao.sgu.edu.vn/index.php/van-ban/chuong-trinh-dao-tao/chuong-trinh-dao-tao-chu-ki-2020-2024,daotao/chuong_trinh_dao_tao/DDV.pdf,4232601,d14ddca05de6f8ace86f4f923e6a12e063f35e222cbfe8fbbac81a7b1aa1e6c0,0,ok
daotao,chuong_trinh_dao_tao,Tải về,https://daotao.sgu.edu.vn/images/pdf/chuong_trinh_dao_tao/2020/phanmota/DKD.pdf,https://daotao.sgu.edu.vn/index.php/van-ban/chuong-trinh-dao-tao/chuong-trinh-dao-tao-chu-ki-2020-2024,daotao/chuong_trinh_dao_tao/DKD.pdf,3803478,bd4ec559310a9bb1c1825dfbd338866c6ccfdca7c28903a308e825747eae5109,0,ok
daotao,chuong_trinh_dao_tao,Tải về,https://daotao.sgu.edu.vn/images/pdf/chuong_trinh_dao_tao/2020/phanmota/DKT.pdf,https://daotao.sgu.edu.vn/index.php/van-ban/chuong-trinh-dao-tao/chuong-trinh-dao-tao-chu-ki-2020-2024,,0,,,loi: HTTP Error 404: Not Found
daotao,bien_che_nam_hoc,download the pdf file.,https://daotao.sgu.edu.vn/images/pdf/bien-che-nam-hoc/BienCheNamHoc_2026-2027.pdf,https://daotao.sgu.edu.vn/index.php/van-ban/bien-che-nam-hoc/bien-che-nam-hoc-2026-2027,daotao/bien_che_nam_hoc/BienCheNamHoc_2026-2027.pdf,414509,20832b64b71c841a48d2ebef433138d57eeb814c8d3fe526774fbd6377ae6576,0,ok
daotao,bien_che_nam_hoc,download the pdf file.,https://daotao.sgu.edu.vn/images/pdf/bien-che-nam-hoc/BienChe_2025-2026_chinhthuc.pdf,https://daotao.sgu.edu.vn/index.php/van-ban/bien-che-nam-hoc/bien-che-nam-hoc-2025-2026,daotao/bien_che_nam_hoc/BienChe_2025-2026_chinhthuc.pdf,407790,0359f3b2da27f130b87e8acef42d39fcbd3c3faa649e3f4eb21b299fbe8459fc,0,ok
daotao,bien_che_nam_hoc,download the pdf file.,https://daotao.sgu.edu.vn/images/pdf/bien-che-nam-hoc/1.%20BienCheNamHoc_24-25.pdf,https://daotao.sgu.edu.vn/index.php/van-ban/bien-che-nam-hoc/bien-che-nam-hoc-2024-2025,daotao/bien_che_nam_hoc/1. BienCheNamHoc_24-25.pdf,334262,215999a704b5e41242d9411bcaa8ef2d6a1223242db1b68c2a9f8edff20311c0,0,ok
daotao,bien_che_nam_hoc,download the pdf file.,https://daotao.sgu.edu.vn/images/pdf/ke_hoach/Bien%20che%20nam%20hoc%2023-24.pdf,https://daotao.sgu.edu.vn/index.php/van-ban/bien-che-nam-hoc/bien-che-nam-hoc-2023-2024,daotao/bien_che_nam_hoc/Bien che nam hoc 23-24.pdf,291187,2fbd86b1f55a5bae556f287d9b26c0c97d2591ee295c16b8624eae62d4301ed0,0,ok
daotao,quy_trinh_bieu_mau,Mẫu đơn xin công nhận và chuyển điểm,https://daotao.sgu.edu.vn/images/pdf/BieuMau/ChuyenDiem_MauDon.docx,https://daotao.sgu.edu.vn/index.php/van-ban/bieu-mau/don-xin-cong-nhan-va-chuyen-diem-tu-truong-khac,daotao/quy_trinh_bieu_mau/ChuyenDiem_MauDon.docx,19952,eb5c4c05a9ec4f469e496d68af4c672fa43c45daf408cede684e1bc083919a83,,ok
daotao,quy_trinh_bieu_mau,Quy đổi môn học tương đương,https://daotao.sgu.edu.vn/images/pdf/BieuMau/mau_1_baoluu_quydoi_kgghinhan_NEW.doc,https://daotao.sgu.edu.vn/index.php/van-ban/bieu-mau/quy-doi-sau-khi-co-quyet-dinh-chuyen-nganh,daotao/quy_trinh_bieu_mau/mau_1_baoluu_quydoi_kgghinhan_NEW.doc,37376,78229741366f0d54280293147173e91782abe5d183e7d4fa6742b144f62b0273,,ok
daotao,quy_trinh_bieu_mau,Điều chỉnh đăng ký môn học,https://daotao.sgu.edu.vn/images/pdf/BieuMau/mau_2_dieuchinhDKMH_NEW.doc,https://daotao.sgu.edu.vn/index.php/van-ban/bieu-mau/quy-doi-sau-khi-co-quyet-dinh-chuyen-nganh,daotao/quy_trinh_bieu_mau/mau_2_dieuchinhDKMH_NEW.doc,36864,7b9f4c7b288808203a1daaaa8393d273b9b3f3855e55ba00a3b9c510bf174a65,,ok
daotao,quy_trinh_bieu_mau,Đơn xin hoãn thi,https://daotao.sgu.edu.vn/images/pdf/BieuMau/8_%20Hoan_Thi.doc,https://daotao.sgu.edu.vn/index.php/van-ban/bieu-mau/mau-don-xin-hoan-thi-va-thi-lai,daotao/quy_trinh_bieu_mau/8_ Hoan_Thi.doc,36864,17c5d0c4549deeed5c4cc15477ce92cabc42d54f34d1e5e78fda953e2ff427a7,,ok
daotao,quy_trinh_bieu_mau,Đơn xin thi lại,https://daotao.sgu.edu.vn/images/pdf/BieuMau/8_%20Xin_Thi_Lai.doc,https://daotao.sgu.edu.vn/index.php/van-ban/bieu-mau/mau-don-xin-hoan-thi-va-thi-lai,daotao/quy_trinh_bieu_mau/8_ Xin_Thi_Lai.doc,36864,3cc81e46168a1c652293aec755003ab7b714c375114f1c1051c6fb9b85c4503d,,ok
daotao,quy_trinh_bieu_mau,Mẫu đơn xin đăng ký môn học offline,https://daotao.sgu.edu.vn/images/pdf/BieuMau/MauDonXinDKMH.docx,https://daotao.sgu.edu.vn/index.php/van-ban/bieu-mau/mau-don-xin-dang-ky-mon-hoc-offline,daotao/quy_trinh_bieu_mau/MauDonXinDKMH.docx,18474,180c57c1747771adf4d471a91d55c1c6267c370dc555a61aaec46d09cb520fbd,,ok
daotao,quy_trinh_bieu_mau,tại đây,https://drive.google.com/file/d/1Q1_9qPq1a4aHFh7eknq2kCni6jE8iyQf/view,https://daotao.sgu.edu.vn/index.php/van-ban/bieu-mau/don-de-nghi-chuyen-chuong-trinh-dao-tao-nganh-dao-tao,daotao/quy_trinh_bieu_mau/1a. QuyDinhChuyenNganhDaoTao_Don.docx,33858,c3bdba2e379e850d723af5fa53bf43785c82ad324a904b561e8e7c9e69f55a00,,ok
daotao,quy_trinh_bieu_mau,Mẫu đơn xin rút học phần,https://daotao.sgu.edu.vn/images/pdf/BieuMau/MauDonRutMonHoc.docx,https://daotao.sgu.edu.vn/index.php/van-ban/bieu-mau/rut-hoc-phan,daotao/quy_trinh_bieu_mau/MauDonRutMonHoc.docx,19056,82b978461daa9e5eead6c7ad41d8fb646436d71cf0cb17b3353287bed2bf7e8b,,ok
daotao,quy_trinh_bieu_mau,Đơn xin xét tốt nghiệp sớm/ trễ tiến độ,https://daotao.sgu.edu.vn/images/pdf/quy_dinh/don_xet_tn_som_tre.pdf,https://daotao.sgu.edu.vn/index.php/van-ban/bieu-mau/xin-xet-tot-nghiep-som-tre-tien-do,daotao/quy_trinh_bieu_mau/don_xet_tn_som_tre.pdf,343619,5348c1d03f9c39ac0b97d575a7b2bdcd45ef93c5531081db4dfb9327ff8c3deb,1175,ok
daotao,quy_trinh_bieu_mau,Đơn Phúc Khảo,https://daotao.sgu.edu.vn/images/pdf/BieuMau/donphuckhao_102025.docx,https://daotao.sgu.edu.vn/index.php/van-ban/bieu-mau/phuc-khao-bai-thi,daotao/quy_trinh_bieu_mau/donphuckhao_102025.docx,30673,0a9cf6c83363e05d31e0d15c30b88ba072815b52bd7a071f57ca72c9a66c3c2f,,ok
daotao,quy_che_quy_dinh,"Quyết định về việc sửa đổi, bổ sung một số điều của Quy chế đào tạo trình độ đại học trường Đại học Sài Gòn",https://daotao.sgu.edu.vn/images/pdf/quy_dinh/QD%203183.2025%20-%20Sua%20doi%20Quy%20che%20Dao%20tao%20trinh%20do%20DH_LienQuanRutMonHoc.pdf,https://daotao.sgu.edu.vn/index.php/van-ban/quy-che-quy-dinh/quy-che-dao-tao-dai-hoc/quyet-dinh-ve-viec-sua-doi-bo-sung-mot-so-dieu-cua-quy-che-dao-tao-trinh-do-dai-hoc-truong-dai-hoc-sai-gon,daotao/quy_che_quy_dinh/QD 3183.2025 - Sua doi Quy che Dao tao trinh do DH_LienQuanRutMonHoc.pdf,672037,f49b2912030110f891564c5fe2f3469137f5cd2a5fb0acd832079b16f659a963,0,ok
daotao,quy_che_quy_dinh,Quy định chương chương trình đào tạo,https://daotao.sgu.edu.vn/images/pdf/quy_dinh/2022-2375-QyD%20Chuyen%20Chuong%20Trinh%20Dao%20Tao%20DoiVoiSinhVenDHCQ.pdf,https://daotao.sgu.edu.vn/index.php/van-ban/quy-che-quy-dinh/quy-che-dao-tao-dai-hoc/quy-dinh-ve-chuyen-chuong-trinh-dao-tao-doi-voi-sinh-vien-dai-hoc-chinh-quy,daotao/quy_che_quy_dinh/2022-2375-QyD Chuyen Chuong Trinh Dao Tao DoiVoiSinhVenDHCQ.pdf,1429222,edacb606e4348ddd81e89447375ae1d60e603e7a15873dca85bb8b202a184031,0,ok
daotao,quy_che_quy_dinh,Đơn xin chuyển CTĐT,https://daotao.sgu.edu.vn/images/pdf/BieuMau/1a.%20QuyDinhChuyenNganhDaoTao_Don.docx,https://daotao.sgu.edu.vn/index.php/van-ban/quy-che-quy-dinh/quy-che-dao-tao-dai-hoc/quy-dinh-ve-chuyen-chuong-trinh-dao-tao-doi-voi-sinh-vien-dai-hoc-chinh-quy,daotao/quy_che_quy_dinh/1a. QuyDinhChuyenNganhDaoTao_Don.docx,33858,c3bdba2e379e850d723af5fa53bf43785c82ad324a904b561e8e7c9e69f55a00,,ok
daotao,quy_che_quy_dinh,download the pdf file.,https://daotao.sgu.edu.vn/images/pdf/quy_dinh/8_QD810QuyDinhVeHocCungLucHaiChuongTrinhDoiVoiSVDHCQ.pdf,https://daotao.sgu.edu.vn/index.php/van-ban/quy-che-quy-dinh/quy-che-dao-tao-dai-hoc/quy-dinh-ve-hoc-cung-luc-hai-chuong-trinh-doi-voi-sinh-vien-dai-hoc-chinh-quy,daotao/quy_che_quy_dinh/8_QD810QuyDinhVeHocCungLucHaiChuongTrinhDoiVoiSVDHCQ.pdf,1277418,9ed54a3b6260eaee2a27abdfefa665644b8e888e2d0c2fe41b2a1d9f7a1f95bb,0,ok
daotao,quy_che_quy_dinh,Xem Quy chế,https://daotao.sgu.edu.vn/images/pdf/quy_dinh/4.%20QuyCheDaoTaoDHSG%202021.pdf,https://daotao.sgu.edu.vn/index.php/van-ban/quy-che-quy-dinh/quy-che-dao-tao-dai-hoc/quy-che-dao-tao-trinh-do-dai-hoc-ap-dung-khoa-dao-tao-tuyen-sinh-nam-2021-tro-di,daotao/quy_che_quy_dinh/4. QuyCheDaoTaoDHSG 2021.pdf,4700303,62e125985809913f87dccd9ef3c32ebf65f6cc78cbcab51f7234f47d230fd885,0,ok
daotao,quy_che_quy_dinh,download the pdf file.,https://daotao.sgu.edu.vn/images/pdf/quy_dinh/QuyCheDaoTao_2017.pdf,https://daotao.sgu.edu.vn/index.php/van-ban/quy-che-quy-dinh/quy-che-dao-tao-dai-hoc/quy-che-dao-tao-dai-hoc-he-chinh-quy-theo-he-thong-tin-chi-truong-dai-hoc-sai-gon-quyet-dinh-so-3022-qd-dhsg-dt-ngay-01-12-2017,daotao/quy_che_quy_dinh/QuyCheDaoTao_2017.pdf,715920,551e52194fd5843c91ef9b3fe4116ef65e0b0e68324ea93b7c30e8ebc2a55019,0,ok
daotao,quy_che_quy_dinh,download the pdf file.,https://daotao.sgu.edu.vn/images/pdf/tieng_anh/TB%20so%202567-%20Bo%20sung%20chung%20chi%20tieng%20Anh%20PTE%20Academic%20de%20xet%20quy%20doi%20diem%20cac%20HP%20TA%20khong%20chuyen.pdf,https://daotao.sgu.edu.vn/index.php/van-ban/quy-che-quy-dinh/quy-doi-tieng-anh/thong-bao-ve-viec-bo-sung-chung-chi-tieng-anh-pearson-test-of-english-academic-pte-academic-de-xet-quy-doi-diem-hoc-tap-cac-hoc-phan-tieng-anh-khong-chuyen,daotao/quy_che_quy_dinh/TB so 2567- Bo sung chung chi tieng Anh PTE Academic de xet quy doi diem cac HP TA khong chuyen.pdf,485150,8210043f3bd5a071af6729b19717c4e99b175d237cc79730b0c71babcdfdf2ff,0,ok
daotao,quy_che_quy_dinh,download the pdf file.,https://daotao.sgu.edu.vn/images/pdf/tieng_anh/29_2101-Qui%20dinh%20vv%20to%20chuc%20day%20hoc%20cac%20HP%20tieng%20Anh%20khong%20chuyen%20ap%20dung%20cho%20cac%20khoa%20TS%20tu%20nam%202024%20tro%20di.pdf,https://daotao.sgu.edu.vn/index.php/van-ban/quy-che-quy-dinh/quy-doi-tieng-anh/quy-dinh-ve-viec-to-chuc-day-hoc-cac-hoc-phan-tieng-anh-khong-chuyen-ap-dung-cho-cac-khoa-tuyen-sinh-tu-nam-2024-tro-di-2,daotao/quy_che_quy_dinh/29_2101-Qui dinh vv to chuc day hoc cac HP tieng Anh khong chuyen ap dung cho cac khoa TS tu nam 2024 tro di.pdf,811249,72fd7d3abd5303049a026d553d36d8c0bcba6fc02bc22e0d5b5838bf336b5bb2,0,ok
daotao,quy_che_quy_dinh,download the pdf file.,https://daotao.sgu.edu.vn/images/pdf/tieng_anh/30_TB%20so%202451%20vv%20bo%20sung%20chung%20chi%20TA%20quy%20doi%20thanh%20diem%20hoc%20tap%20cac%20HP%20TA%20khong%20chuyen%20danh%20cho%20khoa%202021%20tro%20ve%20truoc.pdf,https://daotao.sgu.edu.vn/index.php/van-ban/quy-che-quy-dinh/quy-doi-tieng-anh/thong-bao-ve-viec-bo-sung-chung-chi-tieng-anh-quy-doi-thanh-diem-hoc-tap-cac-hoc-phan-tieng-anh-khong-chuyen-danh-cho-cac-khoa-2021-tro-ve-truoc,daotao/quy_che_quy_dinh/30_TB so 2451 vv bo sung chung chi TA quy doi thanh diem hoc tap cac HP TA khong chuyen danh cho khoa 2021 tro ve truoc.pdf,431718,59d0434f1be21d61b0efcee0eefbe39e53c0cab27433ea7122ed65f7b6f09836,0,ok
daotao,quy_che_quy_dinh,download the pdf file.,https://daotao.sgu.edu.vn/images/pdf/quy_dinh/CV2626ToChucDayHocCacHPTAKoChuyenTheoChuongTrinhApDungMoiChoCacKhoaTSTuNam2022TroDi.pdf,https://daotao.sgu.edu.vn/index.php/van-ban/quy-che-quy-dinh/quy-doi-tieng-anh/quy-dinh-ve-viec-to-chuc-day-hoc-cac-hoc-phan-tieng-anh-khong-chuyen-theo-chuong-trinh-moi-ap-dung-cho-cac-khoa-tuyen-sinh-tu-nam-2022-tro-di,daotao/quy_che_quy_dinh/CV2626ToChucDayHocCacHPTAKoChuyenTheoChuongTrinhApDungMoiChoCacKhoaTSTuNam2022TroDi.pdf,1312910,a2dbaf819cf296dfd155f76061015960f724cbede1f3d5ed0f6fae2a46a47b96,0,ok
daotao,quy_che_quy_dinh,download the pdf file.,https://daotao.sgu.edu.vn/images/pdf/quy_dinh/202111_2366-TB-DHSG_%20to%20chuc%20day%20hoc%20cac%20hoc%20phan%20tieng%20Anh%20khong%20chuyen%20ap%20dung%20tu%20nam%20hoc%202021%20-%202022.pdf,https://daotao.sgu.edu.vn/index.php/van-ban/quy-che-quy-dinh/quy-doi-tieng-anh/thong-bao-ve-viec-to-chuc-day-hoc-cac-hoc-phan-tieng-anh-khong-chuyen-ap-dung-tu-nam-hoc-2021-2022,daotao/quy_che_quy_dinh/202111_2366-TB-DHSG_ to chuc day hoc cac hoc phan tieng Anh khong chuyen ap dung tu nam hoc 2021 - 2022.pdf,707724,dfd49ab6ebd75004d41e3ef4a8059007b0913caadeebbdb99858682c9930eefa,0,ok
daotao,quy_che_quy_dinh,download the pdf file.,https://daotao.sgu.edu.vn/images/pdf/quy_dinh/20251120143954840_HoanThi.pdf,https://daotao.sgu.edu.vn/index.php/van-ban/quy-che-quy-dinh/quy-dinh-ve-cong-tac-thi-ket-thuc-hoc-phan/quy-dinh-ve-viec-hoan-thi-2025,daotao/quy_che_quy_dinh/20251120143954840_HoanThi.pdf,730656,b3cb39532426226fa1f711eeb954c4f51f1d579294aad408d39a586107cdb1b3,0,ok
daotao,quy_che_quy_dinh,Quy định Tổ chức thi học kì (2025),https://daotao.sgu.edu.vn/images/pdf/quy_dinh/QD898BanHanhQuyDinhToChucThiHocKi.pdf,https://daotao.sgu.edu.vn/index.php/van-ban/quy-che-quy-dinh/quy-dinh-ve-cong-tac-thi-ket-thuc-hoc-phan/quy-dinh-to-chuc-thi-hoc-ki,daotao/quy_che_quy_dinh/QD898BanHanhQuyDinhToChucThiHocKi.pdf,5016015,8108c6a016bee515eb0c37a3fc4f9b28b0b482047a7c9c679cd218f31e455a9f,0,ok
daotao,quy_che_quy_dinh,download the pdf file.,https://daotao.sgu.edu.vn/images/pdf/quy_dinh/HD-Quy%20trinh%20phuc%20khao%20bai%20thi%20ket%20thuc%20hoc%20phan.pdf,https://daotao.sgu.edu.vn/index.php/van-ban/quy-che-quy-dinh/quy-dinh-ve-cong-tac-thi-ket-thuc-hoc-phan/quy-trinh-phuc-khao-bai-thi-ket-thuc-hoc-phan,daotao/quy_che_quy_dinh/HD-Quy trinh phuc khao bai thi ket thuc hoc phan.pdf,1430116,0da102c309c24037540e96358d060c90df65d9a0865c06ebfad1a16e3e7be41b,0,ok
daotao,quy_che_quy_dinh,download the pdf file.,https://daotao.sgu.edu.vn/images/pdf/quy_dinh/Quy%20dinh%20ve%20cong%20tac%20to%20chuc%20thi%20hoc%20ki.pdf,https://daotao.sgu.edu.vn/index.php/van-ban/quy-che-quy-dinh/quy-dinh-ve-cong-tac-thi-ket-thuc-hoc-phan/quy-dinh-3089-qyd-dhsg-ve-cong-tac-to-chuc-thi-hoc-ki,daotao/quy_che_quy_dinh/Quy dinh ve cong tac to chuc thi hoc ki.pdf,759672,7f1444c65ab92b962f35c265af8ed5ba78c6f657457d4c98375d458eb80bdce4,0,ok
daotao,quy_che_quy_dinh,download the pdf file.,https://daotao.sgu.edu.vn/images/pdf/quy_dinh/CV_3248_001_khieunai.pdf,https://daotao.sgu.edu.vn/index.php/van-ban/quy-che-quy-dinh/quy-dinh-ve-cong-tac-thi-ket-thuc-hoc-phan/quy-dinh-ve-viec-giai-quyet-thac-mac-khieu-nai-ket-qua-hoc-tap-cua-sinh-vien,daotao/quy_che_quy_dinh/CV_3248_001_khieunai.pdf,696613,14aa89ee9eea92a37fdb368654c505696f6401948f084ace5c45e54e117b854d,0,ok
daotao,quy_che_quy_dinh,download the pdf file.,https://daotao.sgu.edu.vn/images/pdf/quy_dinh/ChienLuoc_001.pdf,https://daotao.sgu.edu.vn/index.php/van-ban/quy-che-quy-dinh/quy-dinh-ve-cong-tac-thi-ket-thuc-hoc-phan/chien-luoc-va-phuong-phap-day-hoc-kiem-tra-danh-gia-hoc-phan-truong-dai-hoc-sai-gon-qd-so-154-qd-dhsg-dt-ngay-18-01-2018,daotao/quy_che_quy_dinh/ChienLuoc_001.pdf,5426145,743eeaf68a8d539dbf5f0acf5225a5acb3fc149808462f1f7fcbae6ca26157b5,0,ok
daotao,quy_che_quy_dinh,download the pdf file.,https://daotao.sgu.edu.vn/images/pdf/quy_dinh/TB_ChuanDauRa_2020.pdf,https://daotao.sgu.edu.vn/index.php/van-ban/quy-che-quy-dinh/quy-dinh-ve-xet-tot-nghiep/thong-bao-536-dhsg-dt-ve-viec-ap-dung-chuan-dau-ra-ngoai-ngu-trong-xet-cong-nhan-tot-nghiep,daotao/quy_che_quy_dinh/TB_ChuanDauRa_2020.pdf,123353,ecd7ec968aa45069baf21bbf00fe84bc8ab9e4b2582aa0d755c5c951278c4745,0,ok
daotao,quy_che_quy_dinh,download the pdf file.,https://daotao.sgu.edu.vn/images/pdf/quy_dinh/CDR2.pdf,https://daotao.sgu.edu.vn/index.php/van-ban/quy-che-quy-dinh/quy-dinh-ve-xet-tot-nghiep/thong-bao-ve-viec-xet-cong-nhan-tot-nghiep-doi-voi-he-lien-thong-tu-trinh-do-cao-dang-len-trinh-do-dai-hoc-hinh-thuc-vua-lam-vua-hoc-so-2696-tb-dhsg-ngay-21-10-2019,daotao/quy_che_quy_dinh/CDR2.pdf,1381335,f3b940721b0ea129a409febb671e65bd862df306cc9d693b61efa35875b11732,0,ok
daotao,quy_che_quy_dinh,download the pdf file.,https://daotao.sgu.edu.vn/images/pdf/quy_dinh/CDR1.pdf,https://daotao.sgu.edu.vn/index.php/van-ban/quy-che-quy-dinh/quy-dinh-ve-xet-tot-nghiep/quy-dinh-ve-viec-xet-cong-nhan-tot-nghiep-doi-voi-he-lien-thong-tu-trinh-do-cao-dang-len-trinh-do-dai-hoc-hinh-thuc-vua-lam-vua-hoc-2695-qyd-dhsg-ngay-21-10-2019,daotao/quy_che_quy_dinh/CDR1.pdf,1333143,e2d8543b4cebf479abc1c247e02a4b57d76fae8b24ce698607b2d49baa109764,0,ok
daotao,quy_che_quy_dinh,download the pdf file.,https://daotao.sgu.edu.vn/images/pdf/quy_dinh/CV2375ChuyenChuongTrinhDaoTaoDoiVoiSinhVenDHCQ.pdf,https://daotao.sgu.edu.vn/index.php/van-ban/quy-che-quy-dinh/quy-dinh-hoc-vu-khac/quy-dinh-ve-viec-chuyen-chuong-trinh-dao-tao-nganh-dao-tao-doi-voi-sinh-vien-dai-hoc-chinh-quy,daotao/quy_che_quy_dinh/CV2375ChuyenChuongTrinhDaoTaoDoiVoiSinhVenDHCQ.pdf,1429222,edacb606e4348ddd81e89447375ae1d60e603e7a15873dca85bb8b202a184031,0,ok
daotao,quy_che_quy_dinh,download the pdf file.,https://daotao.sgu.edu.vn/images/pdf/quy_dinh/QuyDinh_CapBangDiem.pdf,https://daotao.sgu.edu.vn/index.php/van-ban/quy-che-quy-dinh/quy-dinh-hoc-vu-khac/quy-dinh-ve-viec-cap-bang-diem-hoc-tap,daotao/quy_che_quy_dinh/QuyDinh_CapBangDiem.pdf,664783,94454ecf393eefae13464372f0b66ed46678145cdde43d04c7119c8f02f4e158,0,ok
daotao,quy_che_quy_dinh,download the pdf file.,https://daotao.sgu.edu.vn/images/pdf/quy_dinh/QuyDinh_CapBanSao.pdf,https://daotao.sgu.edu.vn/index.php/van-ban/quy-che-quy-dinh/quy-dinh-hoc-vu-khac/quy-dinh-ve-viec-cap-ban-sao-van-bang-chung-chi,daotao/quy_che_quy_dinh/QuyDinh_CapBanSao.pdf,1018407,109a577cfae0a86cec6aee5e178093e3bf8b57e86ac2f986ebc0e749f335bb2c,0,ok
daotao,so_tay_dang_ki_mon_hoc,TẢI VỀ,https://daotao.sgu.edu.vn/images/pdf/sotaydkmh/261/TKB_monchung.pdf,https://daotao.sgu.edu.vn/index.php/thong-bao/so-tay-dang-ki-mon-hoc/so-tay-dang-ki-mon-hoc-hk1-nh-2026-2027,daotao/so_tay_dang_ki_mon_hoc/TKB_monchung.pdf,686565,efe89c4c5f9401ec6530d732f5830f416bf588e05541b5eb166ece140a455a87,7096,ok
daotao,so_tay_dang_ki_mon_hoc,"Công nghệ kĩ thuật điện, điện tử",https://daotao.sgu.edu.vn/images/pdf/sotaydkmh/261/DKD.pdf,https://daotao.sgu.edu.vn/index.php/thong-bao/so-tay-dang-ki-mon-hoc/so-tay-dang-ki-mon-hoc-hk1-nh-2026-2027,daotao/so_tay_dang_ki_mon_hoc/DKD.pdf,192491,cd9cf94cc00a29e82396ffba6ca3cc9ff92bf01084a6bc544f86cf9db73bd255,9300,ok
daotao,so_tay_dang_ki_mon_hoc,Công nghệ Kĩ thuật Môi trường,https://daotao.sgu.edu.vn/images/pdf/sotaydkmh/261/DCM.pdf,https://daotao.sgu.edu.vn/index.php/thong-bao/so-tay-dang-ki-mon-hoc/so-tay-dang-ki-mon-hoc-hk1-nh-2026-2027,daotao/so_tay_dang_ki_mon_hoc/DCM.pdf,184816,de00db0ffc238fdfb6d18564d9fae109d1f96f65f979ffee9810f93e90e2512c,4910,ok
daotao,so_tay_dang_ki_mon_hoc,Công nghệ kỹ thuật điện tử – viễn thông,https://daotao.sgu.edu.vn/images/pdf/sotaydkmh/261/DCV.pdf,https://daotao.sgu.edu.vn/index.php/thong-bao/so-tay-dang-ki-mon-hoc/so-tay-dang-ki-mon-hoc-hk1-nh-2026-2027,daotao/so_tay_dang_ki_mon_hoc/DCV.pdf,191971,f0b7ee2394b8caeaf83a272623c1ba27e12070017ed2d9e53d2b73283cae9ea7,8653,ok
daotao,so_tay_dang_ki_mon_hoc,Công nghệ thông tin,https://daotao.sgu.edu.vn/images/pdf/sotaydkmh/261/DCT.pdf,https://daotao.sgu.edu.vn/index.php/thong-bao/so-tay-dang-ki-mon-hoc/so-tay-dang-ki-mon-hoc-hk1-nh-2026-2027,daotao/so_tay_dang_ki_mon_hoc/DCT.pdf,227083,c69d3f9f4177ea8ff6d82b8d36e97115181c9c3b09df3680903cdc6c73b096ef,7723,ok
daotao,so_tay_dang_ki_mon_hoc,Du lịch,https://daotao.sgu.edu.vn/images/pdf/sotaydkmh/261/DDL.pdf,https://daotao.sgu.edu.vn/index.php/thong-bao/so-tay-dang-ki-mon-hoc/so-tay-dang-ki-mon-hoc-hk1-nh-2026-2027,daotao/so_tay_dang_ki_mon_hoc/DDL.pdf,189121,c73ce7bfdaa336a213723682e3ea927bc6706d36cff7bba4dbde393fb779b1e5,7683,ok
daotao,so_tay_dang_ki_mon_hoc,Giáo dục chính trị,https://daotao.sgu.edu.vn/images/pdf/sotaydkmh/261/DGD.pdf,https://daotao.sgu.edu.vn/index.php/thong-bao/so-tay-dang-ki-mon-hoc/so-tay-dang-ki-mon-hoc-hk1-nh-2026-2027,daotao/so_tay_dang_ki_mon_hoc/DGD.pdf,177737,9a92b8e780cbaffdc2bd5381f3877eace01e4fde3e9cfd38e5b060d309ec4641,3050,ok
daotao,so_tay_dang_ki_mon_hoc,Giáo dục Mầm non,https://daotao.sgu.edu.vn/images/pdf/sotaydkmh/261/DGM.pdf,https://daotao.sgu.edu.vn/index.php/thong-bao/so-tay-dang-ki-mon-hoc/so-tay-dang-ki-mon-hoc-hk1-nh-2026-2027,daotao/so_tay_dang_ki_mon_hoc/DGM.pdf,219264,55f0bfc571f6284dc23e81a88e3733ccda847cedc2a79f26b83ac069f3de9318,8400,ok
daotao,so_tay_dang_ki_mon_hoc,Giáo dục Tiểu học,https://daotao.sgu.edu.vn/images/pdf/sotaydkmh/261/DGT.pdf,https://daotao.sgu.edu.vn/index.php/thong-bao/so-tay-dang-ki-mon-hoc/so-tay-dang-ki-mon-hoc-hk1-nh-2026-2027,daotao/so_tay_dang_ki_mon_hoc/DGT.pdf,219039,705c026f714c885db5776ea07cb3a4db9b646c31e977734f82c0b3e5cf0d0d42,9671,ok
daotao,so_tay_dang_ki_mon_hoc,Kế toán,https://daotao.sgu.edu.vn/images/pdf/sotaydkmh/261/DKE.pdf,https://daotao.sgu.edu.vn/index.php/thong-bao/so-tay-dang-ki-mon-hoc/so-tay-dang-ki-mon-hoc-hk1-nh-2026-2027,daotao/so_tay_dang_ki_mon_hoc/DKE.pdf,374696,6a55bdd396efb7ffba3563870ddc6e3441dfcdd1bd5b0e7a35f745df19bef9c6,9549,ok
daotao,so_tay_dang_ki_mon_hoc,Khoa học dữ liệu,https://daotao.sgu.edu.vn/images/pdf/sotaydkmh/261/DDU.pdf,https://daotao.sgu.edu.vn/index.php/thong-bao/so-tay-dang-ki-mon-hoc/so-tay-dang-ki-mon-hoc-hk1-nh-2026-2027,daotao/so_tay_dang_ki_mon_hoc/DDU.pdf,342482,c2c7053fa202075da130d6a6ea50f8900721e4fe588322d7aee371648b28bf17,3621,ok
daotao,so_tay_dang_ki_mon_hoc,Khoa học môi trường,https://daotao.sgu.edu.vn/images/pdf/sotaydkmh/261/DKM.pdf,https://daotao.sgu.edu.vn/index.php/thong-bao/so-tay-dang-ki-mon-hoc/so-tay-dang-ki-mon-hoc-hk1-nh-2026-2027,daotao/so_tay_dang_ki_mon_hoc/DKM.pdf,182681,624b58d9bc46e796eaf2f7cd0457e6c269d759168b944462f63b57a1ab996924,4189,ok
daotao,so_tay_dang_ki_mon_hoc,Khoa học Thư viện (Thông tin – Thư viện),https://daotao.sgu.edu.vn/images/pdf/sotaydkmh/261/DTT.pdf,https://daotao.sgu.edu.vn/index.php/thong-bao/so-tay-dang-ki-mon-hoc/so-tay-dang-ki-mon-hoc-hk1-nh-2026-2027,daotao/so_tay_dang_ki_mon_hoc/DTT.pdf,177852,96d53c3eb0072bc8d5f7f87974aee2f1225de1ecaa0ebb1fe677aab0902c25a9,3716,ok
daotao,so_tay_dang_ki_mon_hoc,Kinh doanh quốc tế,https://daotao.sgu.edu.vn/images/pdf/sotaydkmh/261/DKQ.pdf,https://daotao.sgu.edu.vn/index.php/thong-bao/so-tay-dang-ki-mon-hoc/so-tay-dang-ki-mon-hoc-hk1-nh-2026-2027,daotao/so_tay_dang_ki_mon_hoc/DKQ.pdf,196252,0014537d3486112ba7bd03b40df47c47482765a552c3045db4f229cb2f5c8860,8364,ok
daotao,so_tay_dang_ki_mon_hoc,Kiểm toán,https://daotao.sgu.edu.vn/images/pdf/sotaydkmh/261/DKI.pdf,https://daotao.sgu.edu.vn/index.php/thong-bao/so-tay-dang-ki-mon-hoc/so-tay-dang-ki-mon-hoc-hk1-nh-2026-2027,daotao/so_tay_dang_ki_mon_hoc/DKI.pdf,329191,e148ba84527a59ad179bfa30658ffff1908defa940d2115edf642814ec285bb4,1290,ok
daotao,so_tay_dang_ki_mon_hoc,Kỹ thuật điện,https://daotao.sgu.edu.vn/images/pdf/sotaydkmh/261/DDE.pdf,https://daotao.sgu.edu.vn/index.php/thong-bao/so-tay-dang-ki-mon-hoc/so-tay-dang-ki-mon-hoc-hk1-nh-2026-2027,daotao/so_tay_dang_ki_mon_hoc/DDE.pdf,188655,f3652455c6bc3ef722da32e8faaccd8e307abc2bdbcd193027b08a2332825cf0,7357,ok
daotao,so_tay_dang_ki_mon_hoc,Kỹ thuật điện tử – viễn thông,https://daotao.sgu.edu.vn/images/pdf/sotaydkmh/261/DDV.pdf,https://daotao.sgu.edu.vn/index.php/thong-bao/so-tay-dang-ki-mon-hoc/so-tay-dang-ki-mon-hoc-hk1-nh-2026-2027,daotao/so_tay_dang_ki_mon_hoc/DDV.pdf,190335,62914ff9bb6d7c1db2296aa880b5b1d04575817beedf6a147fe31ab15f4ce8e4,8061,ok
daotao,so_tay_dang_ki_mon_hoc,Kỹ thuật phần mềm,https://daotao.sgu.edu.vn/images/pdf/sotaydkmh/261/DKP.pdf,https://daotao.sgu.edu.vn/index.php/thong-bao/so-tay-dang-ki-mon-hoc/so-tay-dang-ki-mon-hoc-hk1-nh-2026-2027,daotao/so_tay_dang_ki_mon_hoc/DKP.pdf,227083,c69d3f9f4177ea8ff6d82b8d36e97115181c9c3b09df3680903cdc6c73b096ef,7723,ok
daotao,so_tay_dang_ki_mon_hoc,Luật,https://daotao.sgu.edu.vn/images/pdf/sotaydkmh/261/DLU.pdf,https://daotao.sgu.edu.vn/index.php/thong-bao/so-tay-dang-ki-mon-hoc/so-tay-dang-ki-mon-hoc-hk1-nh-2026-2027,daotao/so_tay_dang_ki_mon_hoc/DLU.pdf,189412,cb3999701a79b1f9baa464e727f15cc05f71ddb1454d3c8e0a9569d4bd797825,7872,ok
daotao,so_tay_dang_ki_mon_hoc,Ngôn ngữ Anh,https://daotao.sgu.edu.vn/images/pdf/sotaydkmh/261/DAN.pdf,https://daotao.sgu.edu.vn/index.php/thong-bao/so-tay-dang-ki-mon-hoc/so-tay-dang-ki-mon-hoc-hk1-nh-2026-2027,daotao/so_tay_dang_ki_mon_hoc/DAN.pdf,212111,c83c85f922d58a6922c1850380a870ca984049e66c687ef110ab0565e994215c,8742,ok
daotao,so_tay_dang_ki_mon_hoc,Quản lý Giáo dục,https://daotao.sgu.edu.vn/images/pdf/sotaydkmh/261/DQG.pdf,https://daotao.sgu.edu.vn/index.php/thong-bao/so-tay-dang-ki-mon-hoc/so-tay-dang-ki-mon-hoc-hk1-nh-2026-2027,daotao/so_tay_dang_ki_mon_hoc/DQG.pdf,202439,59c6d3d9398f9572a5d8f069736747ebab4ad2568b815ec9e14d1199deb42ddc,8625,ok
daotao,so_tay_dang_ki_mon_hoc,Quản trị kinh doanh,https://daotao.sgu.edu.vn/images/pdf/sotaydkmh/261/DQK.pdf,https://daotao.sgu.edu.vn/index.php/thong-bao/so-tay-dang-ki-mon-hoc/so-tay-dang-ki-mon-hoc-hk1-nh-2026-2027,daotao/so_tay_dang_ki_mon_hoc/DQK.pdf,275346,0cf5b25c7d2f6bc626306d0c87d237c2cef68c0d538d69496737264d590d0337,8622,ok
daotao,so_tay_dang_ki_mon_hoc,Quản trị nhà hàng và dịch vụ ăn uống,https://daotao.sgu.edu.vn/images/pdf/sotaydkmh/261/DHA.pdf,https://daotao.sgu.edu.vn/index.php/thong-bao/so-tay-dang-ki-mon-hoc/so-tay-dang-ki-mon-hoc-hk1-nh-2026-2027,daotao/so_tay_dang_ki_mon_hoc/DHA.pdf,184738,5c7c3116118faa64f0b900389265f4354f990378a512740ac5197b05ca8f759d,5201,ok
daotao,so_tay_dang_ki_mon_hoc,Quản trị văn phòng,https://daotao.sgu.edu.vn/images/pdf/sotaydkmh/261/DQV.pdf,https://daotao.sgu.edu.vn/index.php/thong-bao/so-tay-dang-ki-mon-hoc/so-tay-dang-ki-mon-hoc-hk1-nh-2026-2027,daotao/so_tay_dang_ki_mon_hoc/DQV.pdf,178937,512da7aba8cc2eb3e78e7feca829792985501b0e7524fd3b45b72f19d1d20131,3792,ok
daotao,so_tay_dang_ki_mon_hoc,Quốc tế học,https://daotao.sgu.edu.vn/images/pdf/sotaydkmh/261/DQT.pdf,https://daotao.sgu.edu.vn/index.php/thong-bao/so-tay-dang-ki-mon-hoc/so-tay-dang-ki-mon-hoc-hk1-nh-2026-2027,daotao/so_tay_dang_ki_mon_hoc/DQT.pdf,183322,6ef1ea991d0a78e58c308595aea05b2cd583964321735ef96d0b37ce4111e77e,5177,ok
daotao,so_tay_dang_ki_mon_hoc,Sư phạm Âm nhạc,https://daotao.sgu.edu.vn/images/pdf/sotaydkmh/261/DNH.pdf,https://daotao.sgu.edu.vn/index.php/thong-bao/so-tay-dang-ki-mon-hoc/so-tay-dang-ki-mon-hoc-hk1-nh-2026-2027,daotao/so_tay_dang_ki_mon_hoc/DNH.pdf,211397,406e500619408bc721a3375dae465421199a6d7011a53689fb7e008072e1791c,9439,ok
daotao,so_tay_dang_ki_mon_hoc,Sư phạm Địa lý,https://daotao.sgu.edu.vn/images/pdf/sotaydkmh/261/DDI.pdf,https://daotao.sgu.edu.vn/index.php/thong-bao/so-tay-dang-ki-mon-hoc/so-tay-dang-ki-mon-hoc-hk1-nh-2026-2027,daotao/so_tay_dang_ki_mon_hoc/DDI.pdf,181673,ed1ebcaa50055c9234b6d16a8ed53d39450a53144b77641d137be6490f6cdb45,3986,ok
daotao,so_tay_dang_ki_mon_hoc,Sư phạm Hóa,https://daotao.sgu.edu.vn/images/pdf/sotaydkmh/261/DHO.pdf,https://daotao.sgu.edu.vn/index.php/thong-bao/so-tay-dang-ki-mon-hoc/so-tay-dang-ki-mon-hoc-hk1-nh-2026-2027,daotao/so_tay_dang_ki_mon_hoc/DHO.pdf,363023,546d16525c41c5ecec72deb1b003fe2f52152268e6731bd3c6267fbcab7348e0,8529,ok
daotao,so_tay_dang_ki_mon_hoc,Sư phạm Khoa học tự nhiên,https://daotao.sgu.edu.vn/images/pdf/sotaydkmh/261/DKH.pdf,https://daotao.sgu.edu.vn/index.php/thong-bao/so-tay-dang-ki-mon-hoc/so-tay-dang-ki-mon-hoc-hk1-nh-2026-2027,daotao/so_tay_dang_ki_mon_hoc/DKH.pdf,367739,e8e27fb5f89d7cfd92d8e4d11183eb0a4c8807048be43d1cce32cdd6ec38e2f3,9026,ok
daotao,so_tay_dang_ki_mon_hoc,Sư phạm Lịch sử,https://daotao.sgu.edu.vn/images/pdf/sotaydkmh/261/DSU.pdf,https://daotao.sgu.edu.vn/index.php/thong-bao/so-tay-dang-ki-mon-hoc/so-tay-dang-ki-mon-hoc-hk1-nh-2026-2027,daotao/so_tay_dang_ki_mon_hoc/DSU.pdf,179718,93b102f90cfd8fab59e5c3b0eb0e2b605eb82adee4a5955a98795cf15c79355b,3445,ok
daotao,so_tay_dang_ki_mon_hoc,Sư phạm Lịch sử – Địa lý,https://daotao.sgu.edu.vn/images/pdf/sotaydkmh/261/DLD.pdf,https://daotao.sgu.edu.vn/index.php/thong-bao/so-tay-dang-ki-mon-hoc/so-tay-dang-ki-mon-hoc-hk1-nh-2026-2027,daotao/so_tay_dang_ki_mon_hoc/DLD.pdf,182162,92bb8d88038df2414de0f73971ce3d293586ae3f66f51b54ceb90103b3d715b5,4292,ok
daotao,so_tay_dang_ki_mon_hoc,Sư phạm Mỹ thuật,https://daotao.sgu.edu.vn/images/pdf/sotaydkmh/261/DMI.pdf,https://daotao.sgu.edu.vn/index.php/thong-bao/so-tay-dang-ki-mon-hoc/so-tay-dang-ki-mon-hoc-hk1-nh-2026-2027,daotao/so_tay_dang_ki_mon_hoc/DMI.pdf,186387,4745c163804fac4babbbe17f143d8dbeb3304ec705cf6fab7f0f04e6fa9f2d1d,7261,ok
daotao,so_tay_dang_ki_mon_hoc,Sư phạm Ngữ văn,https://daotao.sgu.edu.vn/images/pdf/sotaydkmh/261/DVA.pdf,https://daotao.sgu.edu.vn/index.php/thong-bao/so-tay-dang-ki-mon-hoc/so-tay-dang-ki-mon-hoc-hk1-nh-2026-2027,daotao/so_tay_dang_ki_mon_hoc/DVA.pdf,177634,9c75e6762ecd6f1bc670bbd750dd044fc36f2038a3fd10fe2c1ba91e7eb13d4d,3262,ok
daotao,so_tay_dang_ki_mon_hoc,Sư phạm Sinh học,https://daotao.sgu.edu.vn/images/pdf/sotaydkmh/261/DSI.pdf,https://daotao.sgu.edu.vn/index.php/thong-bao/so-tay-dang-ki-mon-hoc/so-tay-dang-ki-mon-hoc-hk1-nh-2026-2027,daotao/so_tay_dang_ki_mon_hoc/DSI.pdf,364631,b47f4e3a7d2b29c36bb653aa4c706b5fcbcb186253ccc0a6fb88fde01f5adbed,8715,ok
daotao,so_tay_dang_ki_mon_hoc,Sư phạm Tiếng Anh,https://daotao.sgu.edu.vn/images/pdf/sotaydkmh/261/DSA.pdf,https://daotao.sgu.edu.vn/index.php/thong-bao/so-tay-dang-ki-mon-hoc/so-tay-dang-ki-mon-hoc-hk1-nh-2026-2027,daotao/so_tay_dang_ki_mon_hoc/DSA.pdf,210583,759e7900c0ded272e830d756468d9b4d3c174fbaf04a44bcdf1b6cfe4f35497f,8718,ok
daotao,so_tay_dang_ki_mon_hoc,Sư phạm Toán,https://daotao.sgu.edu.vn/images/pdf/sotaydkmh/261/DTO.pdf,https://daotao.sgu.edu.vn/index.php/thong-bao/so-tay-dang-ki-mon-hoc/so-tay-dang-ki-mon-hoc-hk1-nh-2026-2027,daotao/so_tay_dang_ki_mon_hoc/DTO.pdf,365150,fcf675b32bf176652b6286cf40ec9f1a0e448950e040f275f1a8010675e47504,8531,ok
daotao,so_tay_dang_ki_mon_hoc,Sư phạm Vật lí,https://daotao.sgu.edu.vn/images/pdf/sotaydkmh/261/DLI.pdf,https://daotao.sgu.edu.vn/index.php/thong-bao/so-tay-dang-ki-mon-hoc/so-tay-dang-ki-mon-hoc-hk1-nh-2026-2027,daotao/so_tay_dang_ki_mon_hoc/DLI.pdf,364689,5b67cb1847ff4ffba7b447345fbb735217ffda51f3442dbdc56f944a143cb376,8708,ok
daotao,so_tay_dang_ki_mon_hoc,Tài chính – Ngân hàng,https://daotao.sgu.edu.vn/images/pdf/sotaydkmh/261/DTN.pdf,https://daotao.sgu.edu.vn/index.php/thong-bao/so-tay-dang-ki-mon-hoc/so-tay-dang-ki-mon-hoc-hk1-nh-2026-2027,daotao/so_tay_dang_ki_mon_hoc/DTN.pdf,527082,6be52fd6b1d4876dcbe989a9d06b2763fcb6a1259fa1741b83dcb539d51a3bb4,9650,ok
daotao,so_tay_dang_ki_mon_hoc,Tâm lí học,https://daotao.sgu.edu.vn/images/pdf/sotaydkmh/261/DTL.pdf,https://daotao.sgu.edu.vn/index.php/thong-bao/so-tay-dang-ki-mon-hoc/so-tay-dang-ki-mon-hoc-hk1-nh-2026-2027,daotao/so_tay_dang_ki_mon_hoc/DTL.pdf,185009,c8a6167a8e1d817904784d1dfe262c888b81441884a54935d6eb0c583292745f,5270,ok
daotao,so_tay_dang_ki_mon_hoc,Toán ứng dụng,https://daotao.sgu.edu.vn/images/pdf/sotaydkmh/261/DTU.pdf,https://daotao.sgu.edu.vn/index.php/thong-bao/so-tay-dang-ki-mon-hoc/so-tay-dang-ki-mon-hoc-hk1-nh-2026-2027,daotao/so_tay_dang_ki_mon_hoc/DTU.pdf,350204,34c7bff389732c11da281e507072cc08851643174e244d8244ad0545a3fc5924,5714,ok
daotao,so_tay_dang_ki_mon_hoc,Trí tuệ nhân tạo,https://daotao.sgu.edu.vn/images/pdf/sotaydkmh/261/DNT.pdf,https://daotao.sgu.edu.vn/index.php/thong-bao/so-tay-dang-ki-mon-hoc/so-tay-dang-ki-mon-hoc-hk1-nh-2026-2027,daotao/so_tay_dang_ki_mon_hoc/DNT.pdf,227083,c69d3f9f4177ea8ff6d82b8d36e97115181c9c3b09df3680903cdc6c73b096ef,7723,ok
daotao,so_tay_dang_ki_mon_hoc,Việt Nam học,https://daotao.sgu.edu.vn/images/pdf/sotaydkmh/261/DVI.pdf,https://daotao.sgu.edu.vn/index.php/thong-bao/so-tay-dang-ki-mon-hoc/so-tay-dang-ki-mon-hoc-hk1-nh-2026-2027,daotao/so_tay_dang_ki_mon_hoc/DVI.pdf,189782,6d4397313ed76f40b5708682e1367fa3397cea964ebd0cdae617bc97ab45453a,7806,ok
daotao,so_tay_dang_ki_mon_hoc,Lịch sử,https://daotao.sgu.edu.vn/images/pdf/sotaydkmh/261/DLS.pdf,https://daotao.sgu.edu.vn/index.php/thong-bao/so-tay-dang-ki-mon-hoc/so-tay-dang-ki-mon-hoc-hk1-nh-2026-2027,daotao/so_tay_dang_ki_mon_hoc/DLS.pdf,169598,b7ff62cdf944b2dcca2d274f0cd363c0ffa56fe3e5e71a60b2fb598f4f403e77,982,ok
daotao,so_tay_dang_ki_mon_hoc,Địa lý học,https://daotao.sgu.edu.vn/images/pdf/sotaydkmh/261/DDH.pdf,https://daotao.sgu.edu.vn/index.php/thong-bao/so-tay-dang-ki-mon-hoc/so-tay-dang-ki-mon-hoc-hk1-nh-2026-2027,daotao/so_tay_dang_ki_mon_hoc/DDH.pdf,168487,07b9bddef56de6c808f7fb33c877f281768783ee3596d82d17c6b5639a0ee57a,912,ok
khoa_cntt,quy_che,Quy định thời gian tối đa được phép học tại trường để hoàn thành chương trình.,https://docs.google.com/viewerng/viewer?url=http://fit.sgu.edu.vn/site/wp-content/uploads/2018/12/DHSG_quy-dinh-thoi-gian-toi-da-de-hoan-thanh-chuong-trinh-dai-hoc.pdf&hl=en,https://fit.sgu.edu.vn/site/quy-che-dao-tao/,khoa_cntt/quy_che/DHSG_quy-dinh-thoi-gian-toi-da-de-hoan-thanh-chuong-trinh-dai-hoc.pdf,190459,80994b22748981c21cba144dfe9ee5d5b212f76908c57c066217301603c4d778,4556,ok
khoa_cntt,quy_che,Quy định chuẩn đầu ra ngoại ngữ cập nhật ngày 15/11/2022 (áp dụng cho các khóa thuộc chu kỳ 2020-2024),https://drive.google.com/drive/u/1/folders/1lz_CoOFrUF60mN0fn61j0KojmalUnpE6,https://fit.sgu.edu.vn/site/quy-che-dao-tao/,,0,,,bo_qua_thu_muc_drive
khoa_cntt,quy_che,Quy đinh về cố vấn học tập.,https://drive.google.com/open?id=1cX22emLNst-vUuKaPfAPau4FdOjTzbLi,https://fit.sgu.edu.vn/site/quy-che-dao-tao/,khoa_cntt/quy_che/QÄ_CVHT.pdf,538435,ce90c6ec76833b64280e32fe74311a1161dda323b27e9d801e81040af4f5d910,0,ok
khoa_cntt,quy_che,Quy định về số tín chỉ tối thiểu đối với kỹ sư CNTT (từ khóa 2017 trở đi),https://drive.google.com/file/d/1MFSqkxyDU4E_13Kl8VPjqCJqbRpj5IQj/view?usp=sharing,https://fit.sgu.edu.vn/site/quy-che-dao-tao/,khoa_cntt/quy_che/Quydinh150tc.pdf,88046,65c42edd7825ae45953aee65350fcbdcbd3475976a45fe1cbb8f100b8849305a,0,ok
khoa_cntt,quy_che,"Quy định về việc quy đổi Tiếng Anh 1,2,3",https://drive.google.com/file/d/1LyELIurT9uRY7gRn6geuCbl217yYAaaD/view?usp=sharing,https://fit.sgu.edu.vn/site/quy-che-dao-tao/,khoa_cntt/quy_che/2366-TB-ÄHSG_ tÃ´ chá»©c dáº¡y há»c cÃ¡c há»c pháº§n tiáº¿ng Anh khÃ´ng chuyÃªn Ã¡p dá»¥ng tá»« nÄm há»c 2021 - 2022 (1).pdf,707724,dfd49ab6ebd75004d41e3ef4a8059007b0913caadeebbdb99858682c9930eefa,0,ok
khoa_cntt,quy_che,Quy chế đào tạo trình độ đại học (hệ chuẩn).,https://docs.google.com/viewerng/viewer?url=http://fit.sgu.edu.vn/site/wp-content/uploads/2018/12/QC_dao-tao-trinh-do-dai-hoc-he-chuan.pdf&hl=en,https://fit.sgu.edu.vn/site/quy-che-dao-tao/,khoa_cntt/quy_che/QC_dao-tao-trinh-do-dai-hoc-he-chuan.pdf,226293,4b10c62111a34ebd28cf827dd1c36b5af3857c3d9d5990e67ac3f454ab234b9c,5862,ok
khoa_cntt,quy_che,Quy chế đào tạo trình độ thạc sĩ.,https://docs.google.com/viewerng/viewer?url=http://fit.sgu.edu.vn/site/wp-content/uploads/2018/12/QC_dao-tao-trinh-do-thac-si-1.pdf&hl=en,https://fit.sgu.edu.vn/site/quy-che-dao-tao/,khoa_cntt/quy_che/QC_dao-tao-trinh-do-thac-si-1.pdf,579891,d28c64fdf3cec000ba7203c0a5a86ef8766d1a107cf487e94f40c968ca51a5d6,6452,ok
khoa_cntt,quy_che,Quy chế đào tạo trình độ tiến sĩ.,https://docs.google.com/viewerng/viewer?url=http://fit.sgu.edu.vn/site/wp-content/uploads/2018/12/QC_dao-tao-trinh-do-tien-si.pdf&hl=en,https://fit.sgu.edu.vn/site/quy-che-dao-tao/,khoa_cntt/quy_che/QC_dao-tao-trinh-do-tien-si.pdf,382448,55ecb745fd613d10ea14ec992e6c8e8e1eee8ca978a490c386479c3ddcac3e65,7136,ok
khoa_cntt,quy_che,Quy định đào tạo liên thông.,https://docs.google.com/viewerng/viewer?url=http://fit.sgu.edu.vn/site/wp-content/uploads/2018/12/QD_dao-tao-lien-thong.pdf&hl=en,https://fit.sgu.edu.vn/site/quy-che-dao-tao/,khoa_cntt/quy_che/QD_dao-tao-lien-thong.pdf,166328,d1fe3223ce0ae34e021842797567caa79c3378a25a906d245abbd2e14df85049,5749,ok
khoa_cntt,khoa_luan,Quyết định điều chỉnh KLTN năm 2025.,https://drive.google.com/file/d/1Js3yeQltigd6PP1zFMvze5wu98U6PzFJ/view?usp=sharing,https://fit.sgu.edu.vn/site/ke-hoach-va-cac-bieu-mau-thuc-hien-khoa-luan-tot-nghiep/,khoa_cntt/khoa_luan/QD_DieuChinhKLTN_2025.pdf,561640,882534e3be628e3ad36dd5da6a7bf1432d05de0245100d194bcfd47791dee3a5,0,ok
khoa_cntt,khoa_luan,Quy định về khóa luận tốt nghiệp cập nhật năm 2022.,https://drive.google.com/file/d/1NyAu5Tdey-R8GEVxI1ov6S988ZTixSqX/view?usp=sharing,https://fit.sgu.edu.vn/site/ke-hoach-va-cac-bieu-mau-thuc-hien-khoa-luan-tot-nghiep/,"khoa_cntt/khoa_luan/2022-11-15-2590-QÄ-ÄHSG-QÄ vá» viá»c ban hÃ nh QUy Äá»nh quáº£n lÃ­, tá» chá»©c hoáº¡t Äá»ng khÃ³a luáº­n tá»t nghiá»p Äá»i vá»i sinh v",2379306,28f5ba47ec71f3173ba0c2729a42ea509eceac85aadddfe823be4cd630055d3b,0,ok
khoa_cntt,khoa_luan,Kế hoạch thực hiện khóa luận tốt nghiệp,https://docs.google.com/viewerng/viewer?url=http://fit.sgu.edu.vn/site/wp-content/uploads/2019/01/KLTN_Kehoachthuchien.pdf&hl=en&utm_source=zalo&utm_medium=zalo&utm_campaign=zalo,https://fit.sgu.edu.vn/site/ke-hoach-va-cac-bieu-mau-thuc-hien-khoa-luan-tot-nghiep/,khoa_cntt/khoa_luan/KLTN_Kehoachthuchien.pdf,86028,bcadc69f9b1485c3be15bfd0478bc76850d68b2fa6124c2dc540db65a010649d,0,ok
khoa_cntt,khoa_luan,Biểu mẫu quy định KLTN file PDF cập nhật 2022,https://drive.google.com/file/d/1VXBOa3k80pU3UdbUWN3qvGPt1OwufDGU/view?usp=sharing,https://fit.sgu.edu.vn/site/ke-hoach-va-cac-bieu-mau-thuc-hien-khoa-luan-tot-nghiep/,khoa_cntt/khoa_luan/2022_11_15_Biá»u_máº«u_khÃ³a_luáº­n_tá»t_nghiá»p.pdf,1837505,fc0b7dfc6cb59caa64eec33c9c6c9bdd5243d98aa57c0b2014c0d872ef86512a,0,ok
khoa_cntt,khoa_luan,Biểu mẫu quy định KLTN file word cập nhật 2022.,https://drive.google.com/drive/folders/1tmb9orDNzB7hWtLMeq-Piirm5XPwvLcS?usp=sharing,https://fit.sgu.edu.vn/site/ke-hoach-va-cac-bieu-mau-thuc-hien-khoa-luan-tot-nghiep/,,0,,,bo_qua_thu_muc_drive
khoa_cntt,khoa_luan,Phụ lục 1:  Mẫu đăng ký khóa luận tốt nghiệp.,https://docs.google.com/document/d/1zzCPO5jswDRJa8SsIeTkzzRbwev55gme/edit?usp=sharing&ouid=103826571552394761138&rtpof=true&sd=true,https://fit.sgu.edu.vn/site/ke-hoach-va-cac-bieu-mau-thuc-hien-khoa-luan-tot-nghiep/,khoa_cntt/khoa_luan/PhuLuc_1_Dondangky_KLTN.doc.docx,11210,c57fc346d46804744a2bb84eb5ed4c15fcd113d682b14b60e4de9bbc14980e6a,,ok
khoa_cntt,khoa_luan,Mẫu 1:  Mẫu đề cương khóa luận tốt nghiệp.,https://docs.google.com/viewerng/viewer?url=http://fit.sgu.edu.vn/site/wp-content/uploads/2019/01/KLTN_Maudecuong.docx&hl=en,https://fit.sgu.edu.vn/site/ke-hoach-va-cac-bieu-mau-thuc-hien-khoa-luan-tot-nghiep/,khoa_cntt/khoa_luan/KLTN_Maudecuong.docx,23836,6b4200d27b51d6dda665bd09030c5bec4f32e673dcf02904c71dbf4d166ba91b,,ok
khoa_cntt,khoa_luan,Phụ lục 3:  Bìa khóa luận tốt nghiệp.,https://docs.google.com/document/d/1vot6N0V_ip5QWoPGMnZoFRsTtnOLgWuV/edit?usp=sharing&ouid=103826571552394761138&rtpof=true&sd=true,https://fit.sgu.edu.vn/site/ke-hoach-va-cac-bieu-mau-thuc-hien-khoa-luan-tot-nghiep/,khoa_cntt/khoa_luan/PhuLuc_3_Bia.doc.docx,13877,bd30ca001617cc55c2b0a7562884db5ebed9313a23d1396547508e2b37cb8a3a,,ok
khoa_cntt,khoa_luan,Phụ lục 4:  Bìa lót.,https://docs.google.com/document/d/1C9luwIbJ5NucjCqJy40bApxEK2FL5Cw6/edit?usp=sharing&ouid=103826571552394761138&rtpof=true&sd=true,https://fit.sgu.edu.vn/site/ke-hoach-va-cac-bieu-mau-thuc-hien-khoa-luan-tot-nghiep/,khoa_cntt/khoa_luan/PhuLuc_4_BiaLot.doc.docx,13963,74b1963165fc21b979e5c89a2577553148939f125d7153ee6b35978297bc346c,,ok
khoa_cntt,khoa_luan,Phụ lục 5:  Lời cam đoan.,https://docs.google.com/document/d/1XEaDIYNmP3S5RF68MaoCqCT_GKVSaZxQ/edit?usp=sharing&ouid=103826571552394761138&rtpof=true&sd=true,https://fit.sgu.edu.vn/site/ke-hoach-va-cac-bieu-mau-thuc-hien-khoa-luan-tot-nghiep/,khoa_cntt/khoa_luan/PhuLuc_5_LoiCamDoan.doc.docx,11725,ecf593e26a8fe0965aa7028b020f180924109f1d9e8af6b437ccd1ba474ffe73,,ok
khoa_cntt,khoa_luan,Phụ lục 6:  Mục lục.,https://docs.google.com/document/d/1RvIHij7c1KRE35xsUsDW8Nu1F2oQ8mnD/edit?usp=sharing&ouid=103826571552394761138&rtpof=true&sd=true,https://fit.sgu.edu.vn/site/ke-hoach-va-cac-bieu-mau-thuc-hien-khoa-luan-tot-nghiep/,khoa_cntt/khoa_luan/PhuLuc_6_MucLuc.DOC.docx,12593,2b5c7b52580de79c4d830b32ee3a08d063baf0ffc3458bdcf298b112903984f3,,ok
khoa_cntt,khoa_luan,"Phụ lục 7,8,9:  Danh mục viết tắt, bảng.",https://docs.google.com/document/d/12cpjFMLGPaNTQNxdHHLcq5el4iCjGLf3/edit?usp=sharing&ouid=103826571552394761138&rtpof=true&sd=true,https://fit.sgu.edu.vn/site/ke-hoach-va-cac-bieu-mau-thuc-hien-khoa-luan-tot-nghiep/,"khoa_cntt/khoa_luan/PhuLuc_7,8,9_DanhmucVietTat.doc.docx",12701,75538866c157ce86a3df7a453681480f12c1801382b7fcca26562d4ccf4e9a50,,ok
khoa_cntt,khoa_luan,Mẫu:   Tóm tắt khóa luận tốt nghiệp.,https://docs.google.com/viewerng/viewer?url=http://fit.sgu.edu.vn/site/wp-content/uploads/2019/01/KLTN_Mautomtat.docx&hl=en,https://fit.sgu.edu.vn/site/ke-hoach-va-cac-bieu-mau-thuc-hien-khoa-luan-tot-nghiep/,khoa_cntt/khoa_luan/KLTN_Mautomtat.docx,14457,b16e21da4e95ef64f9500e9ce0a2a4ba2f487c93a26a240b4380bc69204f86ea,,ok
khoa_cntt,khoa_luan,Mẫu:  Phiếu thay đổi đề tài.,https://docs.google.com/viewerng/viewer?url=http://fit.sgu.edu.vn/site/wp-content/uploads/2019/01/KLTN_Phieuthaydoidetai.doc&hl=en,https://fit.sgu.edu.vn/site/ke-hoach-va-cac-bieu-mau-thuc-hien-khoa-luan-tot-nghiep/,khoa_cntt/khoa_luan/KLTN_Phieuthaydoidetai.doc,37376,d20f522433dea3eae51084eee67aedfa555ac85283aa3fe9984695c1ade889a6,,ok
khoa_cntt,khoa_luan,Mẫu:  Giảng viên hướng dẫn.,https://docs.google.com/viewerng/viewer?url=http://fit.sgu.edu.vn/site/wp-content/uploads/2019/01/KLTN_GVHD.docx&hl=en,https://fit.sgu.edu.vn/site/ke-hoach-va-cac-bieu-mau-thuc-hien-khoa-luan-tot-nghiep/,khoa_cntt/khoa_luan/KLTN_GVHD.docx,19633,0287b5cfbf9dbc4027b3ba2f50ef57230f5f638bd681abadbc0700cf2db65eaa,,ok
khoa_cntt,khoa_luan,Mẫu:  Giảng viên phản biện.,https://docs.google.com/viewerng/viewer?url=http://fit.sgu.edu.vn/site/wp-content/uploads/2019/01/KLTN_GVPB.docx&hl=en,https://fit.sgu.edu.vn/site/ke-hoach-va-cac-bieu-mau-thuc-hien-khoa-luan-tot-nghiep/,khoa_cntt/khoa_luan/KLTN_GVPB.docx,19041,37edbaa975970970ce26a7b0843b3bfc1332a5df2e2db8d21bdcb2d6fb18948b,,ok
khoa_cntt,khoa_luan,Mẫu:  Đề nghị thành lập hội đồng.,https://docs.google.com/viewerng/viewer?url=http://fit.sgu.edu.vn/site/wp-content/uploads/2019/01/KLTN_Denghithanhlaphoidong.doc&hl=en,https://fit.sgu.edu.vn/site/ke-hoach-va-cac-bieu-mau-thuc-hien-khoa-luan-tot-nghiep/,khoa_cntt/khoa_luan/KLTN_Denghithanhlaphoidong.doc,31744,cacfc953aac29f5af28fa6beb77761c893422382aa9e49831a21a60eb4de0531,,ok
khoa_cntt,khoa_luan,Mẫu:  Phiếu đánh giá khóa luận tốt nghiệp.,https://docs.google.com/document/d/10PI9GBnrranCxpBLTUtr_yScIGjr9hW9/edit?usp=sharing&ouid=103826571552394761138&rtpof=true&sd=true,https://fit.sgu.edu.vn/site/ke-hoach-va-cac-bieu-mau-thuc-hien-khoa-luan-tot-nghiep/,khoa_cntt/khoa_luan/PhuLuc_10_PhieuDanhGia.doc.docx,12512,1c854f0b30129af80fff63bafed41402f4f48294ef25cc5d254fc4916a94beef,,ok
khoa_cntt,khoa_luan,Danh sách khóa luận tốt nghiệp của sinh viên các khóa trước.,https://docs.google.com/viewerng/viewer?url=http://fit.sgu.edu.vn/site/wp-content/uploads/2018/12/Danh-sach-khoa-luan-tot-nghiep-CNTT.xlsx&hl=en,https://fit.sgu.edu.vn/site/ke-hoach-va-cac-bieu-mau-thuc-hien-khoa-luan-tot-nghiep/,khoa_cntt/khoa_luan/Danh-sach-khoa-luan-tot-nghiep-CNTT.xlsx,87223,27f2dc30aded6611ea822c388db6563acc828e5b0b5d1a80cbced963d34f08b2,,ok
khoa_cntt,thuc_tap,Kế hoạch thực hiện thực tập tốt nghiệp.,https://docs.google.com/viewerng/viewer?url=http://fit.sgu.edu.vn/site/wp-content/uploads/2019/01/TTTN_Kehoachthuctap.pdf&hl=en,https://fit.sgu.edu.vn/site/ke-hoach-va-cac-bieu-mau-thuc-hien-thuc-tap-tot-nghiep/,khoa_cntt/thuc_tap/TTTN_Kehoachthuctap.pdf,158775,cf8a402cf1de183db0393e11881d80707d7e9977ff3cb7267e40515574067c0a,0,ok
khoa_cntt,thuc_tap,Mẫu 1:  Thư ngỏ hợp tác đào tạo.,https://docs.google.com/viewerng/viewer?url=http://fit.sgu.edu.vn/site/wp-content/uploads/2019/01/TTTN_Mau1_Thungohoptacdaotao.docx&hl=en,https://fit.sgu.edu.vn/site/ke-hoach-va-cac-bieu-mau-thuc-hien-thuc-tap-tot-nghiep/,khoa_cntt/thuc_tap/TTTN_Mau1_Thungohoptacdaotao.docx,31291,e03717346af9ebff739436c463c8f2e83fc8d04f53977348921fd647cab409e6,,ok
khoa_cntt,thuc_tap,Mẫu 2:  Danh sách các công ty nhận sinh viên thực tập tốt nghiệp.,https://docs.google.com/viewerng/viewer?url=http://fit.sgu.edu.vn/site/wp-content/uploads/2019/01/TTTN_Mau2_Danhsachcaccongtynhansinhvienthuctap.docx&hl=en,https://fit.sgu.edu.vn/site/ke-hoach-va-cac-bieu-mau-thuc-hien-thuc-tap-tot-nghiep/,khoa_cntt/thuc_tap/TTTN_Mau2_Danhsachcaccongtynhansinhvienthuctap.docx,19119,40b6f2a6e1ff577af15c6f69c3de2fb57bd0822766e2a80ddd9a55c9014124a4,,ok
khoa_cntt,thuc_tap,Mẫu 4:  Phân công Giảng Viên hướng dẫn thực tập tốt nghiệp.,https://docs.google.com/viewerng/viewer?url=http://fit.sgu.edu.vn/site/wp-content/uploads/2019/01/TTTN_Mau4_Phanconggiangvienhuongdan.docx&hl=en,https://fit.sgu.edu.vn/site/ke-hoach-va-cac-bieu-mau-thuc-hien-thuc-tap-tot-nghiep/,khoa_cntt/thuc_tap/TTTN_Mau4_Phanconggiangvienhuongdan.docx,18878,eb9ecc44804f5754475a163b23d88f4cd292f43047674ac4ee018fb10c56cf66,,ok
khoa_cntt,thuc_tap,Mẫu 5:  Phân công sinh viên thực tập tốt nghiệp tại Doanh Nghiệp.,https://docs.google.com/viewerng/viewer?url=http://fit.sgu.edu.vn/site/wp-content/uploads/2019/01/TTTN_Mau5_Phancongsinhvienthuctaptaidoanhnghiep.docx&hl=en,https://fit.sgu.edu.vn/site/ke-hoach-va-cac-bieu-mau-thuc-hien-thuc-tap-tot-nghiep/,khoa_cntt/thuc_tap/TTTN_Mau5_Phancongsinhvienthuctaptaidoanhnghiep.docx,18960,3eb233e32470492b860a6201962cf12880a1353b05e8391510845e7540296570,,ok
khoa_cntt,thuc_tap,Mẫu 11:  Báo cáo tổng kết công tác thực tập tốt nghiệp.,https://docs.google.com/viewerng/viewer?url=http://fit.sgu.edu.vn/site/wp-content/uploads/2019/01/TTTN_Mau11_Baocaotongketcongtacthuctap.docx&hl=en,https://fit.sgu.edu.vn/site/ke-hoach-va-cac-bieu-mau-thuc-hien-thuc-tap-tot-nghiep/,khoa_cntt/thuc_tap/TTTN_Mau11_Baocaotongketcongtacthuctap.docx,20878,063e1cbcd046baa3a2ef4002cb15bf2f7243d2d2fe1f9e6d2ec0952956567ef1,,ok
khoa_cntt,thuc_tap,Mẫu 12:  Thông báo kết quả hướng dẫn thực tập giữa Giảng Viên và Doanh Nghiệp.,https://docs.google.com/viewerng/viewer?url=http://fit.sgu.edu.vn/site/wp-content/uploads/2019/01/TTTN_Mau12_Thongbaoketquathuctapgiuagiangvienvadoanhnghiep.docx&hl=en,https://fit.sgu.edu.vn/site/ke-hoach-va-cac-bieu-mau-thuc-hien-thuc-tap-tot-nghiep/,khoa_cntt/thuc_tap/TTTN_Mau12_Thongbaoketquathuctapgiuagiangvienvadoanhnghiep.docx,19528,e78c40fadb77162407a59ac220edb11f7e94abcfb8f234cec403f397e6302f2c,,ok
khoa_cntt,thuc_tap,Mẫu 6:  Chuyên Gia ghi nhận kết quả thực tập hàng tuần.,https://docs.google.com/viewerng/viewer?url=http://fit.sgu.edu.vn/site/wp-content/uploads/2019/01/TTTN_Mau6_Chuyengiaghinhanketquathuctaphangtuan.docx&hl=en,https://fit.sgu.edu.vn/site/ke-hoach-va-cac-bieu-mau-thuc-hien-thuc-tap-tot-nghiep/,khoa_cntt/thuc_tap/TTTN_Mau6_Chuyengiaghinhanketquathuctaphangtuan.docx,25650,ee3e9a4e4c3636669e877aa19604b431f834f7967b3d04196ef2e5bb3f046d12,,ok
khoa_cntt,thuc_tap,Mẫu 7:  Chuyên gia đánh giá kết quả thực tập tốt nghiệp.,https://docs.google.com/viewerng/viewer?url=http://fit.sgu.edu.vn/site/wp-content/uploads/2019/01/TTTN_Mau7_Chuyengiadanhgiaketquathuctaptotnghiep.docx&hl=en,https://fit.sgu.edu.vn/site/ke-hoach-va-cac-bieu-mau-thuc-hien-thuc-tap-tot-nghiep/,khoa_cntt/thuc_tap/TTTN_Mau7_Chuyengiadanhgiaketquathuctaptotnghiep.docx,26045,fd26d99e3e2aa596b7c430852af853a9963c20eeaa47e3d804fe5fc02ce6612e,,ok
khoa_cntt,thuc_tap,Mẫu 8:  Giảng Viên hướng dẫn đánh giá kết quả thực tập tốt nghiệp.,https://docs.google.com/viewerng/viewer?url=http://fit.sgu.edu.vn/site/wp-content/uploads/2019/01/TTTN_Mau8_GVHDdanhgiaketquathuctap.docx&hl=en,https://fit.sgu.edu.vn/site/ke-hoach-va-cac-bieu-mau-thuc-hien-thuc-tap-tot-nghiep/,khoa_cntt/thuc_tap/TTTN_Mau8_GVHDdanhgiaketquathuctap.docx,23629,ec9ad2c4931f00db33f922b1bc329020e5b4ce5166ff639f61e19b37c68aac14,,ok
khoa_cntt,thuc_tap,Mẫu 10:  Giảng Viên hướng dẫn tổng hợp kết quả thực tập tốt nghiệp.,https://docs.google.com/viewerng/viewer?url=http://fit.sgu.edu.vn/site/wp-content/uploads/2019/01/TTTN_Mau10_GVHDtongketketquathuctap.docx&hl=en,https://fit.sgu.edu.vn/site/ke-hoach-va-cac-bieu-mau-thuc-hien-thuc-tap-tot-nghiep/,khoa_cntt/thuc_tap/TTTN_Mau10_GVHDtongketketquathuctap.docx,19272,9e95bf397aec058e0bd3c13d86e987bfc9a7408771008c144ba8d05da920e76b,,ok
khoa_cntt,thuc_tap,Mẫu 3:  Sinh Viên đăng ký thực tập tốt nghiệp.,https://docs.google.com/viewerng/viewer?url=http://fit.sgu.edu.vn/site/wp-content/uploads/2019/01/TTTN_Mau3_SINHVIENdangkythuctaptotnghiep.docx&hl=en,https://fit.sgu.edu.vn/site/ke-hoach-va-cac-bieu-mau-thuc-hien-thuc-tap-tot-nghiep/,khoa_cntt/thuc_tap/TTTN_Mau3_SINHVIENdangkythuctaptotnghiep.docx,21381,f8bd7ebd76bcc398ecd8ed13860a281de981c3f337cdbabcb90c2efbea8a0858,,ok
khoa_cntt,thuc_tap,Mẫu 9:  Trình bày báo cáo thực tập tốt nghiệp.,https://drive.google.com/file/d/1Rg1DvHYL64HMkHlanj6ZHOlbEm88RjJZ/view?usp=sharing,https://fit.sgu.edu.vn/site/ke-hoach-va-cac-bieu-mau-thuc-hien-thuc-tap-tot-nghiep/,khoa_cntt/thuc_tap/TTTN_Mau9_SINHVIENtrinhbaybaocaothuctaptotnghiep.docx,44189,33f4dcf02ce777acb722582ac4418dec39115994547902d72a95a326e6ee0fc8,,ok
khoa_cntt,bieu_mau,1. Đơn xin bảo lưu kết quả học tập – thuộc diện buộc thôi học (chuyển xuống trình độ thấp hơn),https://docs.google.com/viewerng/viewer?url=http://fit.sgu.edu.vn/site/wp-content/uploads/2018/12/BMDT_Don-xin-bao-luu-ket-qua.doc&hl=en,https://fit.sgu.edu.vn/site/bieu-mau/,khoa_cntt/bieu_mau/BMDT_Don-xin-bao-luu-ket-qua.doc,43520,90344bec3e2d406685a881f141b216ac2a646cca5d1f2878a71ea893fe4bfe6d,,ok
khoa_cntt,bieu_mau,2. Đơn đề nghị phúc khảo bài thi,https://docs.google.com/viewerng/viewer?url=http://fit.sgu.edu.vn/site/wp-content/uploads/2018/12/BMDT_Don-de-nghi-phuc-khao-bai-thi.doc&hl=en,https://fit.sgu.edu.vn/site/bieu-mau/,khoa_cntt/bieu_mau/BMDT_Don-de-nghi-phuc-khao-bai-thi.doc,48640,26560bdcdb0119e19a00b333d2fee5df5dd7b3e20a0803ad90bd2c965bfd46c7,,ok
khoa_cntt,bieu_mau,3. Đơn xin hoãn thi học kỳ,https://docs.google.com/viewerng/viewer?url=http://fit.sgu.edu.vn/site/wp-content/uploads/2018/12/BMDT_Don-xin-hoan-thi-hoc-ky.doc&hl=en,https://fit.sgu.edu.vn/site/bieu-mau/,khoa_cntt/bieu_mau/BMDT_Don-xin-hoan-thi-hoc-ky.doc,29696,814e07e048958a1445b079a014b25e2322ee9a300c0ef0dd687c73ab73ec4818,,ok
khoa_cntt,bieu_mau,4. Đơn xin quy đổi môn học tương đương,https://docs.google.com/document/d/1Kt0GWPDxwE7xL4fn4kdlD2rnx22oVHVz/edit?usp=sharing&ouid=103826571552394761138&rtpof=true&sd=true,https://fit.sgu.edu.vn/site/bieu-mau/,khoa_cntt/bieu_mau/don_quydoihocphan.docx,12342,826356398133b26698081c64a1baedc67b4b087b5e9e4f59321c1707150df940,,ok
khoa_cntt,bieu_mau,5. Đơn xin không ghi nhận điểm,https://drive.google.com/file/d/1z7Ekcwjct3-35FwddFBj7eeUgLxcieiS/view?usp=sharing,https://fit.sgu.edu.vn/site/bieu-mau/,khoa_cntt/bieu_mau/DonxinKhongghinhandiem.doc,34816,9ebd62a91100ed3ea9f512ba5bd303b592c0cc4bbf46365bea3a22d134baa047,,ok
khoa_cntt,bieu_mau,6. Đơn xin rút môn học,https://docs.google.com/viewerng/viewer?url=http://fit.sgu.edu.vn/site/wp-content/uploads/2018/12/BMDT_Don-xin-rut-mon-hoc.doc&hl=en,https://fit.sgu.edu.vn/site/bieu-mau/,khoa_cntt/bieu_mau/BMDT_Don-xin-rut-mon-hoc.doc,26112,37c662fd44dae3ffd5aea4bbcc0345c2c0f40f1430c632c6f6e986be9d030761,,ok
khoa_cntt,bieu_mau,7. Đơn đăng ký làm khóa luận tốt nghiệp,https://docs.google.com/viewerng/viewer?url=http://fit.sgu.edu.vn/site/wp-content/uploads/2018/12/BMDT_Don-dang-ky-lam-khoa-luan-TN.docx&hl=en,https://fit.sgu.edu.vn/site/bieu-mau/,khoa_cntt/bieu_mau/BMDT_Don-dang-ky-lam-khoa-luan-TN.docx,18627,3691fe3d95074c2a3a16e2eff9a9a47ab2ec875f09ce0e1ba3495ac26e4713c3,,ok
khoa_cntt,bieu_mau,8. Đơn xin xét Tốt Nghiệp,https://docs.google.com/viewerng/viewer?url=http://fit.sgu.edu.vn/site/wp-content/uploads/2018/12/BMDT_Don-xin-xet-tot-nghiep.docx&hl=en,https://fit.sgu.edu.vn/site/bieu-mau/,khoa_cntt/bieu_mau/BMDT_Don-xin-xet-tot-nghiep.docx,13006,0dc43a748d5b09c1a2c1c369a7b4b0397f17793ebbf2f861e12ad7d63d81d011,,ok
khoa_cntt,bieu_mau,1. Mẫu đơn xin hỗ trợ chi phí học tập,https://docs.google.com/viewerng/viewer?url=http://fit.sgu.edu.vn/site/wp-content/uploads/2018/12/CTSV_Mau1_DonXinHoTroChiPhiHocTap.docx&hl=en,https://fit.sgu.edu.vn/site/bieu-mau/,khoa_cntt/bieu_mau/CTSV_Mau1_DonXinHoTroChiPhiHocTap.docx,26973,0e8bbae0af2efa9784a6cf6f400939d4b9b73178a9280de49b9c4139f320ca4c,,ok
khoa_cntt,bieu_mau,2. Mẫu đơn xin miễn giảm học phí,https://docs.google.com/viewerng/viewer?url=http://fit.sgu.edu.vn/site/wp-content/uploads/2018/12/CTSV_Mau2_DonXinMienGiamHocPhi.docx&hl=en,https://fit.sgu.edu.vn/site/bieu-mau/,khoa_cntt/bieu_mau/CTSV_Mau2_DonXinMienGiamHocPhi.docx,22671,bb70d22ffdd35661ca03101a2d6d86dbd87590c8b7b4b673d380adca6071f7e0,,ok
khoa_cntt,bieu_mau,3.Mẫu đơn xin trợ cấp dân tộc,https://docs.google.com/viewerng/viewer?url=http://fit.sgu.edu.vn/site/wp-content/uploads/2018/12/CTSV_Mau3_DonXinTroCapDanToc.docx&hl=en,https://fit.sgu.edu.vn/site/bieu-mau/,khoa_cntt/bieu_mau/CTSV_Mau3_DonXinTroCapDanToc.docx,26911,1aa900a0c6dfa5c843f063140acf13b89472f738ac23c39db5b624a6efc5f4ff,,ok
khoa_cntt,bieu_mau,4. Mẫu đơn xin trợ cấp xã hội,https://docs.google.com/viewerng/viewer?url=http://fit.sgu.edu.vn/site/wp-content/uploads/2018/12/CTSV_Mau4_DonXinTroCapXaHoi.docx&hl=en,https://fit.sgu.edu.vn/site/bieu-mau/,khoa_cntt/bieu_mau/CTSV_Mau4_DonXinTroCapXaHoi.docx,20141,12729e9c0d861de14d726f7f9b7aedb17b0abd2813f577e87584035ca7287596,,ok
khoa_cntt,bieu_mau,5. Mẫu Phiếu đề nghị cấp bảng điểm rèn luyện,https://fit.sgu.edu.vn/site/wp-content/uploads/2024/06/21-1.doc,https://fit.sgu.edu.vn/site/bieu-mau/,khoa_cntt/bieu_mau/21-1.doc,32768,eb1e12f4ba7aea35b4be4b15267d694f4c57c5ef9bdf4e5e5836e2daf3eafa8c,,ok
khoa_cntt,bieu_mau,6. Mẫu Đơn đề nghị điều chỉnh bảng điểm rèn luyện,https://fit.sgu.edu.vn/site/wp-content/uploads/2024/06/22-1.doc,https://fit.sgu.edu.vn/site/bieu-mau/,khoa_cntt/bieu_mau/22-1.doc,31744,2142de0605ebad82c7ebb0a0204e2bc678bc18fbc94f5f0cfe1d9690e5cd8d0e,,ok
khoa_cntt,bieu_mau,7. Mẫu Đơn xin tạm nghỉ học,https://fit.sgu.edu.vn/site/wp-content/uploads/2024/06/23-1.doc,https://fit.sgu.edu.vn/site/bieu-mau/,khoa_cntt/bieu_mau/23-1.doc,29184,d62cf52a341947f1364b1fca034f0fc1a3faf1d0d773d7ef2d0ec31a8003f883,,ok
khoa_cntt,bieu_mau,8. Mẫu Đơn xin học lại sau khi hết hạn tạm dừng vì kết quả rèn luyện,https://fit.sgu.edu.vn/site/wp-content/uploads/2024/06/27-1.doc,https://fit.sgu.edu.vn/site/bieu-mau/,khoa_cntt/bieu_mau/27-1.doc,29184,fdc21a3c9590808f55a3f80574714e029562920141f61b1db3beda84cd9f6833,,ok
khoa_cntt,bieu_mau,9. Mẫu Đơn xin thôi học,https://fit.sgu.edu.vn/site/wp-content/uploads/2024/06/25-1.doc,https://fit.sgu.edu.vn/site/bieu-mau/,khoa_cntt/bieu_mau/25-1.doc,34304,ea98f38eb2d502cd2912ec91ca27d1aed8e3edb807e84f98db32f7287e7fe12b,,ok
khoa_cntt,bieu_mau,10. Mẫu Đơn xin điều chỉnh sai sót thông tin cá nhân của sinh viên,https://fit.sgu.edu.vn/site/wp-content/uploads/2024/06/26-1.doc,https://fit.sgu.edu.vn/site/bieu-mau/,khoa_cntt/bieu_mau/26-1.doc,28672,53a3fc613a641563798304b499efa0dfdee34a19cce214c6abe6062f7962e7b3,,ok
khoa_cntt,bieu_mau,11. Mẫu Đơn xin học lại,https://fit.sgu.edu.vn/site/wp-content/uploads/2024/06/24-1.doc,https://fit.sgu.edu.vn/site/bieu-mau/,khoa_cntt/bieu_mau/24-1.doc,32768,59d145bedc9b63d617b1314f1884855eacf2ac7a899de671f2e6e303bf646aef,,ok
khoa_cntt,bieu_mau,12. Mẫu Đơn xin chuyển trường.,https://fit.sgu.edu.vn/site/wp-content/uploads/2024/06/28-1.doc,https://fit.sgu.edu.vn/site/bieu-mau/,khoa_cntt/bieu_mau/28-1.doc,38400,ccbbe4bbe6d45889237c689722ffba943c8290062396a5ee2e51082a49e79b2e,,ok
khoa_cntt,diem_ren_luyen,Biểu mẫu đánh giá điểm rèn luyện.,https://docs.google.com/viewerng/viewer?url=http://fit.sgu.edu.vn/site/wp-content/uploads/2019/01/DRL_Bieu-mau-danh-gia-diem-ren-luyen.doc&hl=en,https://fit.sgu.edu.vn/site/quy-dinh-danh-gia-diem-ren-luyen/,khoa_cntt/diem_ren_luyen/DRL_Bieu-mau-danh-gia-diem-ren-luyen.doc,113664,5c7277a4b45a48ec4e2b6c9dd7fd866a21768f17cc18b1dc5996327216dfdab8,,ok
khoa_cntt,diem_ren_luyen,Hướng dẫn đánh giá điểm rèn luyện.,https://docs.google.com/viewerng/viewer?url=http://fit.sgu.edu.vn/site/wp-content/uploads/2019/01/DRL_Huong-dan-danh-gia-diem-ren-luyen.pdf&hl=en,https://fit.sgu.edu.vn/site/quy-dinh-danh-gia-diem-ren-luyen/,khoa_cntt/diem_ren_luyen/DRL_Huong-dan-danh-gia-diem-ren-luyen.pdf,651761,10c95f0b09ac8c8d2c683273ca4391dff20815c3633575b780b0ab42a1af4691,4933,ok
khoa_cntt,diem_ren_luyen,Mẫu biên bản hộp đánh giá điểm rèn luyện theo học kỳ.,https://docs.google.com/viewerng/viewer?url=http://fit.sgu.edu.vn/site/wp-content/uploads/2019/01/DRL_Mau-bien-ban-hop-danh-gia-diem-ren-luyen-theo-hoc-ky.pdf&hl=en,https://fit.sgu.edu.vn/site/quy-dinh-danh-gia-diem-ren-luyen/,khoa_cntt/diem_ren_luyen/DRL_Mau-bien-ban-hop-danh-gia-diem-ren-luyen-theo-hoc-ky.pdf,32270,c3f9afb6040c285a6a1e845e9c8543e0caa5d111ee98b47106254702223877e2,0,ok
khoa_cntt,diem_ren_luyen,Quy định đánh giá kết quả rèn luyện.,https://docs.google.com/viewerng/viewer?url=http://fit.sgu.edu.vn/site/wp-content/uploads/2019/01/DRL_Quy-dinh-danh-gia-ket-qua-ren-luyen.pdf&hl=en,https://fit.sgu.edu.vn/site/quy-dinh-danh-gia-diem-ren-luyen/,khoa_cntt/diem_ren_luyen/DRL_Quy-dinh-danh-gia-ket-qua-ren-luyen.pdf,170400,daa4a38d6f208c8ed4d8f6c8aba2822e61698cdd35cde5c9646841a847873316,5656,ok
khoa_giao_duc,van_ban_quy_dinh,iframe,https://drive.google.com/file/d/1Owokc2rHH0kvouU8xXfzU_LIIK1NJMQN/preview,https://khoagiaoduc.sgu.edu.vn/blog/2026/03/13/quy-dinh-ve-phong-chong-tham-nhung-tai-truong-dai-hoc-sai-gon/,,0,,,loi: HTTP Error 404: Not Found
khoa_giao_duc,van_ban_quy_dinh,iframe,https://drive.google.com/file/d/1bIoFsTY91iCtsi4Rgqw5eZcNqxwdiE_j/preview,https://khoagiaoduc.sgu.edu.vn/blog/2025/11/27/quy-dinh-ve-viec-hoan-thi-doi-voi-sinh-vien-trinh-do-dai-hoc-he-chinh-quy-qyd-so-3260-qyd-dhsg-ngay-20-11-2025/,,0,,,loi: HTTP Error 404: Not Found
khoa_giao_duc,van_ban_quy_dinh,iframe,https://drive.google.com/file/d/1SFaPpyrNn2kBYjuF6sXv9MnnGQY0G7OO/preview,https://khoagiaoduc.sgu.edu.vn/blog/2025/11/14/sua-doi-bo-sung-mot-so-dieu-cua-quy-che-dao-tao-trinh-do-dai-hoc-truong-dai-hoc-sai-gon-ban-hanh-kem-theo-quyet-dinh-so-258-qd-dhsg-qd-so-3183-qd-dhsg-ngay-14-11-2025/,,0,,,loi: HTTP Error 404: Not Found
khoa_giao_duc,van_ban_quy_dinh,iframe,https://drive.google.com/file/d/1XZwo7-I-3Z7Yks62kuoYGPQ2vDR7YBx0/preview,https://khoagiaoduc.sgu.edu.vn/blog/2025/10/29/sua-doi-bo-sung-dieu-6-va-dieu-7-cua-quy-dinh-quan-li-to-chuc-hoat-dong-khoa-luan-tot-nghiep-doi-voi-sinh-vien-trinh-do-dai-hoc-he-chinh-quy-ban-hanh-kem-theo-quyet-dinh-so-2590-qd-dhsg-ngay-15-11/,,0,,,loi: HTTP Error 404: Not Found
khoa_giao_duc,van_ban_quy_dinh,iframe,https://drive.google.com/file/d/1lQQMhvdIZrgJYDkZgRkG8jb8CEDlMlJu/preview,https://khoagiaoduc.sgu.edu.vn/blog/2025/04/15/quy-dinh-to-chuc-thi-hoc-ki/,,0,,,loi: HTTP Error 404: Not Found
khoa_giao_duc,van_ban_quy_dinh,iframe,https://drive.google.com/file/d/1rPLDtQkMuGmM-ps0y4e9i5WfIjptMq-g/preview,https://khoagiaoduc.sgu.edu.vn/blog/2024/08/12/quy-dinh-ve-viec-to-chuc-day-hoc-cac-hoc-phan-tieng-anh-khong-chuyen-ap-dung-cho-cac-khoa-tuyen-sinh-tu-nam-2024-tro-di-quy-dinh-so-2101-qyd-dhsg-ngay-26-08-2024/,,0,,,loi: HTTP Error 404: Not Found
khoa_giao_duc,van_ban_quy_dinh,iframe,https://drive.google.com/file/d/15MAznkC7ntLTHDh2tiNod0OMj1dV-VIC/preview,https://khoagiaoduc.sgu.edu.vn/blog/2024/05/29/danh-muc-cac-hoc-phan-thuoc-khoi-kien-thuc-giao-duc-dai-cuong-chu-ky-2024-2028-qd-so-1195-qd-dhsg-ngay-29-05-2024/,,0,,,loi: HTTP Error 404: Not Found
khoa_giao_duc,van_ban_quy_dinh,iframe,https://drive.google.com/file/d/1J91tb2LqWMkX4OgJSGeonSlg8txSC6Cs/preview,https://khoagiaoduc.sgu.edu.vn/blog/2024/04/15/quy-dinh-ve-hoc-cung-luc-hai-chuong-trinh-doi-voi-sinh-vien-dai-hoc-chinh-quy-qd-so-810-qd-dhsg-ngay-15-04-2024/,,0,,,loi: HTTP Error 404: Not Found
khoa_giao_duc,van_ban_quy_dinh,iframe,https://drive.google.com/file/d/1J5aCszi16zkl-TXS9pi6sysN1Mn3rBMn/preview,https://khoagiaoduc.sgu.edu.vn/blog/2024/04/05/quy-dinh-ve-to-chuc-day-hoc-cac-hoc-phan-chuyen-mon-bang-tieng-anh-trinh-do-dai-hoc-qd-so-753-qd-dhsg-ngay-05-04-2024/,,0,,,loi: HTTP Error 404: Not Found
khoa_giao_duc,van_ban_quy_dinh,iframe,https://drive.google.com/file/d/1hWk3tYV3AlbawU0RQ7q-U5_vf-3DoYPj/preview,https://khoagiaoduc.sgu.edu.vn/blog/2023/12/25/quyet-dinh-ve-viec-cap-hoc-bong-cho-sinh-vien-nam-hoc-2023-2024-qd-so-06-12-2023/,,0,,,loi: HTTP Error 404: Not Found
khoa_giao_duc,van_ban_quy_dinh,iframe,https://drive.google.com/file/d/1p_KRWEsFVNZ7TMz7XtgoWuGcSm9vAwOt/preview,https://khoagiaoduc.sgu.edu.vn/blog/2023/11/30/quy-dinh-quan-ly-su-dung-he-thong-thu-dien-tu-va-cac-dich-vu-truc-tuyen-kem-theo-thu-dien-tu-trong-hoat-dong-hoc-tap-ren-luyen-doi-voi-nguoi-hoc-tai-truong-dai-hoc-sai-gon-qd-so-2876-qd-dhsg-ngay-3/,,0,,,loi: HTTP Error 404: Not Found
khoa_giao_duc,van_ban_quy_dinh,iframe,https://drive.google.com/file/d/1oOozOUWYsWynvRYW31Fjx5WpJww4YR7R/preview,https://khoagiaoduc.sgu.edu.vn/blog/2023/11/06/thong-bao-thuc-hien-quy-tac-ung-xu-cua-nguoi-hoc-tai-truong-dai-hoc-sai-gon-va-noi-quy-truong-dai-hoc-sai-gon-tb-so-2639-tb-dhsg-ngay-06-11-2023-2/,,0,,,loi: HTTP Error 404: Not Found
khoa_giao_duc,van_ban_quy_dinh,Các biểu mẫu đính kèm,https://drive.google.com/drive/folders/1HgI4dB0pg1mZ0wDGfxx3uyl7toTPBkMJ?usp=sharing,https://khoagiaoduc.sgu.edu.vn/blog/2022/11/15/quy-dinh-thuc-hien-khoa-luan-tot-nghiep/,,0,,,bo_qua_thu_muc_drive
khoa_giao_duc,van_ban_quy_dinh,iframe,https://drive.google.com/file/d/1pLbNO7GVpRWldiZAC40FSfkEfV3Ipjbi/preview,https://khoagiaoduc.sgu.edu.vn/blog/2022/11/15/quy-dinh-thuc-hien-khoa-luan-tot-nghiep/,,0,,,loi: HTTP Error 404: Not Found
khoa_giao_duc,van_ban_quy_dinh,iframe,https://drive.google.com/file/d/1kBohUu2jpw1F9X_vNhkMGB_CXaMyjRsr/preview,https://khoagiaoduc.sgu.edu.vn/blog/2022/02/22/quy-che-dao-tao-trinh-do-dai-hoc-truong-dai-hoc-sai-gon-qd-so-258-qd-dhsg-ngay-22-02-2022/,,0,,,loi: HTTP Error 404: Not Found
khoa_giao_duc,van_ban_quy_dinh,iframe,https://drive.google.com/file/d/1IWtdKdD0bhTil5KThgFK6znqnMnN9I13/preview,https://khoagiaoduc.sgu.edu.vn/blog/2026/08/24/quy-dinh-su-dung-he-thong-thu-dien-tu-va-cac-dich-vu-truc-tuyen-kem-theo-thu-dien-tu-trong-cong-viec-doi-voi-cac-don-vi-va-vien-chuc-nguoi-lao-dong-lam-viec-tai-truong-dai-hoc-sai-gon-qd-so-3027-qd/,,0,,,loi_html_khong_phai_file
khoa_giao_duc,van_ban_quy_dinh,iframe,https://drive.google.com/file/d/1P6DsmHxFfyQJobu9GudVdHPIhm0Y1nzV/preview,https://khoagiaoduc.sgu.edu.vn/blog/2024/12/17/quyet-dinh-sua-doi-bo-sung-quy-dinh-ve-dao-tao-boi-duong-vien-chuc-ban-hanh-kem-theo-quyet-dinh-so-1287-qd-dhsg-ngay-30-06-2022-qd-so-3175-qd-dhsg-ngay-09-12-2024/,,0,,,loi: HTTP Error 404: Not Found
khoa_giao_duc,van_ban_quy_dinh,iframe,https://drive.google.com/file/d/10ieCaRgP4uWX4vbSI1vh51cmbEkk4CKl/preview,https://khoagiaoduc.sgu.edu.vn/blog/2024/11/11/quy-dinh-xay-dung-quan-ly-su-dung-ngan-hang-cau-hoi-va-de-thi-ket-thuc-hoc-phan-tai-truong-dai-hoc-sai-gon-qd-so-2543-qd-dhsg-ngay-26-09-2024/,,0,,,loi: HTTP Error 404: Not Found
khoa_giao_duc,van_ban_quy_dinh,iframe,https://drive.google.com/file/d/1msw7s2DFSZWDc3B1mUfw8msQ6YCtXbCM/preview,https://khoagiaoduc.sgu.edu.vn/blog/2026/06/23/quyet-dinh-dieu-chinh-quy-che-hoat-dong-khoa-hoc-va-cong-nghe-truong-dai-hoc-sai-gon-qd-so-1745-qd-dhsg-ngay-22-06-2026/,,0,,,loi_html_khong_phai_file
khoa_giao_duc,so_tay,iframe,https://drive.google.com/file/d/1jbfFNsQU_SAHlCiFcLFqm5RlS4mwx-A5/preview,https://khoagiaoduc.sgu.edu.vn/blog/2025/06/15/so-tay-sinh-vien-khoa-giao-duc-nam-hoc-2024-2025/,,0,,,loi: HTTP Error 404: Not Found
khoa_giao_duc,so_tay,iframe,https://drive.google.com/file/d/1R-HCNihHRcfswUQMzt2E1LldEMgaYiyW/preview,https://khoagiaoduc.sgu.edu.vn/blog/2023/04/24/so-tay-sinh-vien-nam-hoc-2022-2023/,,0,,,loi: HTTP Error 404: Not Found
khoa_giao_duc,so_tay,iframe,https://drive.google.com/file/d/1QyQyq2GkehttdbV3iZZNcPg6VzXJXH39/preview,https://khoagiaoduc.sgu.edu.vn/blog/2023/04/24/cam-nang-ho-tro-sinh-vien/,,0,,,loi: HTTP Error 404: Not Found
khoa_giao_duc,so_tay,"Phần 1, 2. Giới thiệu chung; thông tin cần biết",https://ctsv.sgu.edu.vn/webin/menutrai/stsv/nh20212022/p1.pdf,https://khoagiaoduc.sgu.edu.vn/blog/2022/04/24/so-tay-sinh-vien-nam-hoc-2021-2022/,,0,,,loi_html_khong_phai_file
khoa_giao_duc,so_tay,Phần 3. Kế hoạch đào tạo theo tiến độ các ngành,https://ctsv.sgu.edu.vn/webin/menutrai/stsv/nh20212022/p2.pdf,https://khoagiaoduc.sgu.edu.vn/blog/2022/04/24/so-tay-sinh-vien-nam-hoc-2021-2022/,,0,,,loi_html_khong_phai_file
khoa_giao_duc,so_tay,"Phần 1, 2. Giới thiệu chung; thông tin cần biết",https://ctsv.sgu.edu.vn/webin/menutrai/stsv/1.pdf,https://khoagiaoduc.sgu.edu.vn/blog/2021/04/24/so-tay-sinh-vien-nam-hoc-2020-2021/,,0,,,loi_html_khong_phai_file
khoa_giao_duc,so_tay,Phần 3. Kế hoạch đào tạo theo tiến độ các ngành,https://ctsv.sgu.edu.vn/webin/menutrai/stsv/2.pdf,https://khoagiaoduc.sgu.edu.vn/blog/2021/04/24/so-tay-sinh-vien-nam-hoc-2020-2021/,,0,,,loi_html_khong_phai_file
khoa_luat,bieu_mau_quy_dinh,Hướng dẫn thực hiện quy trình phúc khảo bài thi kết thúc học phần,https://drive.google.com/file/d/1A3g6WeKjELLrKA1Ch3wv2DZphw_dMkkS/view?usp=sharing,https://khoaluat.sgu.edu.vn/blog/2018/09/18/cac-bieu-mau-huongdan-quydinh-lien-quan-den-dao-tao/,khoa_luat/bieu_mau_quy_dinh/HD-Quy trinh phuc khao bai thi ket thuc hoc phan.pdf,1436571,72524219acca84fcedfca4818baf94bbeee6295eae727caabad9c4dd789a7c8c,0,ok
khoa_luat,bieu_mau_quy_dinh,Đơn phúc khảo bài thi kết thúc học phần,https://docs.google.com/document/d/1AIHdrGVWsCHWVJsiAU1dxVYH9KIib5qW/edit?usp=sharing&ouid=102726902612491692959&rtpof=true&sd=true,https://khoaluat.sgu.edu.vn/blog/2018/09/18/cac-bieu-mau-huongdan-quydinh-lien-quan-den-dao-tao/,khoa_luat/bieu_mau_quy_dinh/DT.PK.01.docx,21540,8cc19011f257bc4b8708d2d7f6beedebf4bb88b6535b7fd0f0e4fba5bee58900,,ok
khoa_luat,bieu_mau_quy_dinh,Thông báo về quy định tổ chức  hoạt động Thực tế chuyên môn cho sinh viên,https://drive.google.com/file/d/17a3KWq86WSxiUgvDhyMuEUk41UA0yxf-/view?usp=sharing,https://khoaluat.sgu.edu.vn/blog/2018/09/18/cac-bieu-mau-huongdan-quydinh-lien-quan-den-dao-tao/,khoa_luat/bieu_mau_quy_dinh/Thong bao ve Quy dinh to chuc hoc phan Thuc te chuyen mon tu nam hoc 2022-2023.pdf,969869,c6bb1e6474f6fa2349f4baecad6a4d705a3b073f23b682316144b91716147438,0,ok
khoa_luat,bieu_mau_quy_dinh,File mẫu viết báo cáo thu hoạch,https://docs.google.com/document/d/1ZQCEyCfl7GfuD5XuYuG4VBzWFvNiecJv/edit?usp=sharing&ouid=102726902612491692959&rtpof=true&sd=true,https://khoaluat.sgu.edu.vn/blog/2018/09/18/cac-bieu-mau-huongdan-quydinh-lien-quan-den-dao-tao/,khoa_luat/bieu_mau_quy_dinh/DCCT TTCM -Bai thu hoach.docx,41775,c623306a9fbbb8fe7a04d70beff1a50a679017589535b33bf1cca5e1d4ca55de,,ok
khoa_luat,bieu_mau_quy_dinh,"Quy định về quản lí, tổ chức hoạt động khóa luận tốt nghiệp",https://drive.google.com/file/d/1Dnh0uGxCep29VfZjL8iOe3-RcuRzokGO/view?usp=sharing,https://khoaluat.sgu.edu.vn/blog/2018/09/18/cac-bieu-mau-huongdan-quydinh-lien-quan-den-dao-tao/,khoa_luat/bieu_mau_quy_dinh/QD2590-QuanliTochucKLTN.pdf,2425368,884fc0a82a7da9c6a49765371b13d25d2bb494b4367b13f364d49d0ee3a48046,0,ok
khoa_luat,bieu_mau_quy_dinh,"Quyết định Sửa đổi, bổ sung Quy định về quản lí, tổ chức hoạt động KLTN",https://drive.google.com/file/d/1QKnyEOkaWJd344VmBnNO5k88hrYIvXDL/view?usp=sharing,https://khoaluat.sgu.edu.vn/blog/2018/09/18/cac-bieu-mau-huongdan-quydinh-lien-quan-den-dao-tao/,khoa_luat/bieu_mau_quy_dinh/QD_DieuChinhKLTN_2025.pdf,561640,882534e3be628e3ad36dd5da6a7bf1432d05de0245100d194bcfd47791dee3a5,0,ok
khoa_luat,bieu_mau_quy_dinh,Mẫu – Phụ lục đính kèm quy định,https://drive.google.com/file/d/1DjwKzsSdIynYT8kxPx-duWHQDXz-UPUE/view?usp=sharing,https://khoaluat.sgu.edu.vn/blog/2018/09/18/cac-bieu-mau-huongdan-quydinh-lien-quan-den-dao-tao/,khoa_luat/bieu_mau_quy_dinh/Mau_Phuluc1-13.pdf,2566834,e32a1c8183b87e56f9ddf07476cfae51a54c0da39572255907c1d557ec8df697,0,ok
khoa_luat,bieu_mau_quy_dinh,Kế hoạch thực hiện,https://drive.google.com/file/d/1YD1-bKv_5nEzkhNUTb0jyr3f7hMEpaO7/view?usp=sharing,https://khoaluat.sgu.edu.vn/blog/2018/09/18/cac-bieu-mau-huongdan-quydinh-lien-quan-den-dao-tao/,khoa_luat/bieu_mau_quy_dinh/KE HOACH KLTN_20252026.pdf,408788,80d35fca0333f9c1314123390a57e5ed5c2a58b856db9352d93c824b5bbe18d3,3896,ok
khoa_luat,bieu_mau_quy_dinh,Danh sách đề tài KLTN do Khoa/Ngành công bố (theo năm học),https://drive.google.com/file/d/1jnLT-Z9jRzrg2WiEojbXnwGrvtAgT4qI/view?usp=sharing,https://khoaluat.sgu.edu.vn/blog/2018/09/18/cac-bieu-mau-huongdan-quydinh-lien-quan-den-dao-tao/,khoa_luat/bieu_mau_quy_dinh/01 De tai goi y cho sv lua chon.pdf,275118,1683ec0d88e8dd66d5257b3d77526138bf7ad4742badcc52470392349057db7a,2846,ok
khoa_luat,bieu_mau_quy_dinh,Phụ lục 1 – Đơn đăng kí; Đề cương; Nội dung KLTN; Tóm tắt; Phiếu nhận xét của GVHD; Phiếu nhận xét của GVPB,https://drive.google.com/drive/folders/1Uik3Bhm2KK05cg4BzxnDKFYJj2QuzNlY?usp=sharing,https://khoaluat.sgu.edu.vn/blog/2018/09/18/cac-bieu-mau-huongdan-quydinh-lien-quan-den-dao-tao/,,0,,,bo_qua_thu_muc_drive
khoa_luat,bieu_mau_quy_dinh,Kế hoạch thực tập tốt nghiệp,https://drive.google.com/file/d/1VPKFtZJqMmSZqEEcfl1CNsbdP1HHHtxz/view?usp=sharing,https://khoaluat.sgu.edu.vn/blog/2018/09/18/cac-bieu-mau-huongdan-quydinh-lien-quan-den-dao-tao/,khoa_luat/bieu_mau_quy_dinh/KE HOACH_TTTN_APDUNG_20252026.pdf,436438,c1c038d71069605988930776ae68f122cb677eb0a47b884c3236a84f33583252,4924,ok
khoa_luat,bieu_mau_quy_dinh,Tham khảo Phụ lục – Danh sách đơn vị TTTN của anh chị khóa trước (khoa cấp),https://drive.google.com/file/d/102QhqC_PIjouXna6wu7PXMxQ06MjWcMr/view?usp=sharing,https://khoaluat.sgu.edu.vn/blog/2018/09/18/cac-bieu-mau-huongdan-quydinh-lien-quan-den-dao-tao/,khoa_luat/bieu_mau_quy_dinh/Phuluc_Donvithuctap.pdf,240976,696697771ceafb1be52ed1a3065a859336dabff5a0d7dffa263d51f0b572965a,8253,ok
khoa_luat,bieu_mau_quy_dinh,"Đề cương, Hướng dẫn viết báo cáo + Mẫu Nhật kí + Báo cáo thực tập",https://drive.google.com/drive/folders/1KxfX0MCyusy3RtrcBO_kTmNVgN7HaZuE?usp=sharing,https://khoaluat.sgu.edu.vn/blog/2018/09/18/cac-bieu-mau-huongdan-quydinh-lien-quan-den-dao-tao/,,0,,,bo_qua_thu_muc_drive
khoa_qtkd,quy_dinh,Quy chế đào tạo tín chỉ (quy chế 43),https://quantrikinhdoanh.sgu.edu.vn/wp-content/uploads/2018/08/01.Quyche43.pdf,https://quantrikinhdoanh.sgu.edu.vn/quy-dinh/,khoa_qtkd/quy_dinh/01.Quyche43.pdf,413018,80500af609468903c2c89def6a8274b399547a584cb3622109e387c9e1b8c5be,12218,ok
khoa_qtkd,quy_dinh,Quy định thời gian tiết học,https://quantrikinhdoanh.sgu.edu.vn/wp-content/uploads/2018/08/02.-Tiethoc_phonghoc.pdf,https://quantrikinhdoanh.sgu.edu.vn/quy-dinh/,khoa_qtkd/quy_dinh/02.-Tiethoc_phonghoc.pdf,137961,c76ee6b516dc67e15ae3364a6cdc091d861d57729c1c04dd70d87afa18d93776,677,ok
khoa_qtkd,quy_dinh,Quy định xét CNTN,https://quantrikinhdoanh.sgu.edu.vn/wp-content/uploads/2018/08/03.-QyD_xetCNTN_2014.pdf,https://quantrikinhdoanh.sgu.edu.vn/quy-dinh/,khoa_qtkd/quy_dinh/03.-QyD_xetCNTN_2014.pdf,281306,c16d2235f18e1721b7fad6d57a6dae3023eb04b10705b1e5e53e64d2540c74e9,3933,ok
khoa_qtkd,quy_dinh,Quy định thời gian học tại trường,https://quantrikinhdoanh.sgu.edu.vn/wp-content/uploads/2018/08/04.-QyD_736_thgiantoidahoctaitruong_CQ_2014.pdf,https://quantrikinhdoanh.sgu.edu.vn/quy-dinh/,khoa_qtkd/quy_dinh/04.-QyD_736_thgiantoidahoctaitruong_CQ_2014.pdf,195725,c351cfe5ac099695606e4f7db8400cbe966759ffe7edf90d88eb2e86d765e1f3,4556,ok
khoa_qtkd,quy_dinh,Quy định bổ sung quy chế đào tạo.,https://quantrikinhdoanh.sgu.edu.vn/wp-content/uploads/2018/08/05.-QD_trienkhaiTT57_daotaotinchi_DHSG_HK121.pdf,https://quantrikinhdoanh.sgu.edu.vn/quy-dinh/,khoa_qtkd/quy_dinh/05.-QD_trienkhaiTT57_daotaotinchi_DHSG_HK121.pdf,175222,22f026efbd4d0de6ac3e4b8f9c3725a652cbdfb6570da3b110743e750f6da969,4893,ok
khoa_qtkd,quy_dinh,"Quy định đầu ra Ngoại ngữ, tin học",https://quantrikinhdoanh.sgu.edu.vn/wp-content/uploads/2018/08/06.-QuyDinhXetTN2017.pdf,https://quantrikinhdoanh.sgu.edu.vn/quy-dinh/,khoa_qtkd/quy_dinh/06.-QuyDinhXetTN2017.pdf,454194,d002062f0646938791bc72966f769b0555c4b0f311c719eb165d2c24022dc38c,0,ok
khoa_qtkd,quy_dinh,Quy định đánh giá điểm rèn luyện,https://quantrikinhdoanh.sgu.edu.vn/wp-content/uploads/2018/08/07.-Quy-dinh-dinh-danh-gia-diem-RL.pdf,https://quantrikinhdoanh.sgu.edu.vn/quy-dinh/,khoa_qtkd/quy_dinh/07.-Quy-dinh-dinh-danh-gia-diem-RL.pdf,170400,daa4a38d6f208c8ed4d8f6c8aba2822e61698cdd35cde5c9646841a847873316,5656,ok
khoa_qtkd,bieu_mau,Đơn làm lại thẻ Sinh viên,https://quantrikinhdoanh.sgu.edu.vn/wp-content/uploads/2018/08/1.maucaplaitheSV.docx,https://quantrikinhdoanh.sgu.edu.vn/bieu-mau/,khoa_qtkd/bieu_mau/1.maucaplaitheSV.docx,17221,f730b53b19c9ba1837379ffa46f4e50bb16aff29d2b1d05cc9df639d1197f25c,,ok
khoa_qtkd,bieu_mau,Đơn xin thôi học,https://quantrikinhdoanh.sgu.edu.vn/wp-content/uploads/2018/08/2.xinthoihoc.doc,https://quantrikinhdoanh.sgu.edu.vn/bieu-mau/,khoa_qtkd/bieu_mau/2.xinthoihoc.doc,34816,ce1d04917854941b375be9b5e3e9398997d6dbee6e0717658276a00be1ef8e49,,ok
khoa_qtkd,bieu_mau,Đơn xin nghỉ học tạm thời,https://quantrikinhdoanh.sgu.edu.vn/wp-content/uploads/2018/08/3.xinnghihoctamthoi.doc,https://quantrikinhdoanh.sgu.edu.vn/bieu-mau/,khoa_qtkd/bieu_mau/3.xinnghihoctamthoi.doc,26112,bcd5cde948db7ba3438c2e2c50e50f227d6ec38cdceb36094efa0ac44cba982f,,ok
khoa_qtkd,bieu_mau,Đơn xin vào học lại,https://quantrikinhdoanh.sgu.edu.vn/wp-content/uploads/2018/08/4.maudonxinvaohoclai.doc,https://quantrikinhdoanh.sgu.edu.vn/bieu-mau/,khoa_qtkd/bieu_mau/4.maudonxinvaohoclai.doc,25600,f738f58161612ef754749a143c566d68f359e41aba5b37f0301b291f3b9ceec9,,ok
khoa_qtkd,bieu_mau,Đơn phúc khảo,https://quantrikinhdoanh.sgu.edu.vn/wp-content/uploads/2018/08/5.Donphuckhao.doc,https://quantrikinhdoanh.sgu.edu.vn/bieu-mau/,khoa_qtkd/bieu_mau/5.Donphuckhao.doc,47104,792968f745e8789d18f08a8229c691ac2134e14f668464d264959a68c7695390,,ok
khoa_qtkd,bieu_mau,Đơn xin hoãn thi,https://quantrikinhdoanh.sgu.edu.vn/wp-content/uploads/2018/08/6.donhoanthi.doc,https://quantrikinhdoanh.sgu.edu.vn/bieu-mau/,khoa_qtkd/bieu_mau/6.donhoanthi.doc,30720,9f245f5e77b740e656f8e35721f44334e6f258ee9b4fcc2817bff8f8d69512ef,,ok
khoa_qtkd,bieu_mau,Đơn xin rút môn học,https://quantrikinhdoanh.sgu.edu.vn/wp-content/uploads/2018/08/7.Don-xin-rut-mon-hoc.doc,https://quantrikinhdoanh.sgu.edu.vn/bieu-mau/,khoa_qtkd/bieu_mau/7.Don-xin-rut-mon-hoc.doc,26624,ea09401079daf9eba6cbb935debaea8c7996c86415757c6f538f96a5d42f3b71,,ok
khoa_qtkd,bieu_mau,Đơn xét CNTN,https://quantrikinhdoanh.sgu.edu.vn/wp-content/uploads/2018/08/8.donxetCNTN_2018.doc,https://quantrikinhdoanh.sgu.edu.vn/bieu-mau/,khoa_qtkd/bieu_mau/8.donxetCNTN_2018.doc,46592,56130b3b3520ce60b8614df62d5670f12a0edb01433e3f8c472a3ddb507dd7ae,,ok
khoa_qtkd,bieu_mau,Mẫu đề thi,https://quantrikinhdoanh.sgu.edu.vn/wp-content/uploads/2018/08/9.Maudethi.doc,https://quantrikinhdoanh.sgu.edu.vn/bieu-mau/,khoa_qtkd/bieu_mau/9.Maudethi.doc,36352,76c7dfbf1b72cc2c9c7cd879cd4cb7851d8eb0e35eb16cd33623e453a62abfe4,,ok
khoa_qtkd,bieu_mau,Mẫu đáp án,https://quantrikinhdoanh.sgu.edu.vn/wp-content/uploads/2018/08/10.maudapan.doc,https://quantrikinhdoanh.sgu.edu.vn/bieu-mau/,khoa_qtkd/bieu_mau/10.maudapan.doc,38400,f623da7075b499fd3347496eb2547c62f25d4cd0f948e8b5a5790116046718dd,,ok
khoa_qtkd,bieu_mau,Đơn xin đăng ký môn học,https://docs.google.com/document/d/1AQjMYe6ZEWRlEVgrY87jgJILvf8PO8Hj/edit?usp=sharing&ouid=110753364827954391354&rtpof=true&sd=true,https://quantrikinhdoanh.sgu.edu.vn/bieu-mau/,khoa_qtkd/bieu_mau/QTKD đơn xin đăng ki môn học.docx,12211,6dd7be885820bc8aa0cbbe2187db8646986cb321ab47161a3ec508fb33689215,,ok
khoa_qtkd,bieu_mau,Đơn đăng ký môn học bổ sung,https://docs.google.com/document/d/16fkUIs67jtp6JqDuVaynAO8rJdg3VbUo/edit?usp=sharing&ouid=110753364827954391354&rtpof=true&sd=true,https://quantrikinhdoanh.sgu.edu.vn/bieu-mau/,khoa_qtkd/bieu_mau/QTKD_Don xin dang ky mon hoc bo sung.docx,13349,0d0529a00dd2762c3bf8977b6ce2b1924d9d0df87c242c2f6ccfe2c8d587f610,,ok
khoa_qtkd,bieu_mau,Thông tin SV DQK,https://docs.google.com/document/d/1ylJ8fLVkPQ9R8LFf6GRHK2o0Do-M-MbQ/edit?usp=sharing&ouid=110753364827954391354&rtpof=true&sd=true,https://quantrikinhdoanh.sgu.edu.vn/bieu-mau/,khoa_qtkd/bieu_mau/THÔNG TIN SV DQK.docx,11625,9a46577fbce9f23bb51d7b17d5679019766436bf03fcbf833787102c95cb66e3,,ok
khoa_tckt,hoan_thi,tại đây,https://khoatckt.sgu.edu.vn/wp-content/uploads/2025/11/3260-QD-Hoan-thi-.pdf,https://khoatckt.sgu.edu.vn/blog/2025/11/21/quy-dinh-ve-viec-hoan-thi-doi-voi-sinh-vien-trinh-do-dai-hoc-he-chinh-quy/,khoa_tckt/hoan_thi/3260-QD-Hoan-thi-.pdf,730656,b3cb39532426226fa1f711eeb954c4f51f1d579294aad408d39a586107cdb1b3,0,ok
khoa_tckt,sua_doi_quy_che,tại đây,https://khoatckt.sgu.edu.vn/wp-content/uploads/2025/11/QD-3183.2025-Sua-doi-Quy-che-Dao-tao-trinh-do-DH.pdf,https://khoatckt.sgu.edu.vn/blog/2025/11/14/quyet-dinh-sua-doi-bo-sung-mot-so-dieu-cua-quy-che-dao-tao-trinh-do-dai-hoc-truong-dai-hoc-sai-gon/,khoa_tckt/sua_doi_quy_che/QD-3183.2025-Sua-doi-Quy-che-Dao-tao-trinh-do-DH.pdf,672037,f49b2912030110f891564c5fe2f3469137f5cd2a5fb0acd832079b16f659a963,0,ok
khoa_tckt,khoa_luan,tải file,https://drive.google.com/file/d/1R_nX_-HEdgIm-7blUYxacdaQG8hDT3Jn/view?usp=sharing,https://khoatckt.sgu.edu.vn/blog/2024/03/20/khoa-luan-tot-nghiep/,khoa_tckt/khoa_luan/KLTN NH2025-2026.rar,122597737,9579d721f2d86f59ebda5b489712ecd6f0488e1edfc8528eeeb257d5a9c6f5a0,,ok
khoa_tckt,khoa_luan,tải file,https://drive.google.com/file/d/1sfFGihhvI-JX1t4Mo00OQ0Z1J262GB2G/view?usp=sharing,https://khoatckt.sgu.edu.vn/blog/2024/03/20/khoa-luan-tot-nghiep/,khoa_tckt/khoa_luan/KLTN GIOI NH2024-2025.rar,570673315,2e2c9585306bf96c175f36281033fbd11d458df6b70b59beb7ef2bcfd5f3fa50,,ok
khoa_tckt,khoa_luan,tải file,https://drive.google.com/file/d/15KP65gouDKPh5qqHt7372BxUOK_rL-vQ/view?usp=sharing,https://khoatckt.sgu.edu.vn/blog/2024/03/20/khoa-luan-tot-nghiep/,,0,,,loi: HTTP Error 404: Not Found
khoa_tckt,khoa_luan,tải file,https://drive.google.com/file/d/1Huif1kzmYiupq0klH7ammIrcg4ltQseS/view?usp=sharing,https://khoatckt.sgu.edu.vn/blog/2024/03/20/khoa-luan-tot-nghiep/,,0,,,loi: HTTP Error 404: Not Found
khoa_ngoai_ngu,quy_che,1. SGU xin chào!,https://drive.google.com/file/d/1eqvt2JoXioWzUaEV70191a7vwv7-y3M7/view?usp=drivesdk,https://dfl.sgu.edu.vn/quy-che-quy-dinh/item/1799-trien-khai-day-manh-tuyen-truyen-cac-san-pham-truyen-thong-phuc-vu-cong-tac-tu-van-tuyen-sinh-dai-hoc-chinh-quy-nam-2026.html,khoa_ngoai_ngu/quy_che/1. Tá»ng quan vá» SGU - SGU xin chÃ o!.mp4,240852032,76e67d33a20529972c69eb7c4fe8da08f97b12033b8d283b3b079e4194acdab7,,ok
khoa_ngoai_ngu,quy_che,2. Đội ngũ giảng viên và chất lượng đào tạo tại SGU.,https://drive.google.com/file/d/1toef5WiRGh50c2B7zmulzfaTyp-ZwkP4/view?usp=drive_link,https://dfl.sgu.edu.vn/quy-che-quy-dinh/item/1799-trien-khai-day-manh-tuyen-truyen-cac-san-pham-truyen-thong-phuc-vu-cong-tac-tu-van-tuyen-sinh-dai-hoc-chinh-quy-nam-2026.html,khoa_ngoai_ngu/quy_che/2. Äá»i ngÅ© giáº£ng viÃªn vÃ  cháº¥t lÆ°á»£ng ÄÃ o táº¡o táº¡i SGU.mp4,245303879,ca0bfa867aa37c19edc759ef99a1e4f8767f6d3a2239efea6cb48e4585e826e2,,ok
khoa_ngoai_ngu,quy_che,3. Chính sách hỗ trợ và cơ hội nghề nghiệp tại SGU.,https://drive.google.com/file/d/1GPYIMB3SAH-EajBc5U8XuPH918omSdQk/view?usp=drive_link%20,https://dfl.sgu.edu.vn/quy-che-quy-dinh/item/1799-trien-khai-day-manh-tuyen-truyen-cac-san-pham-truyen-thong-phuc-vu-cong-tac-tu-van-tuyen-sinh-dai-hoc-chinh-quy-nam-2026.html,khoa_ngoai_ngu/quy_che/3. ChÃ­nh sÃ¡ch há» trá»£ vÃ  cÆ¡ há»i nghá» nghiá»p táº¡i SGU.mp4,239670682,cef0a90c4bd7a58fe973761fb81a0bf0540c48cdfb72a22034464919e5e3da7d,,ok
khoa_ngoai_ngu,quy_che,4. Sinh viên nói về SGU.,https://drive.google.com/file/d/1P_rDFDiqsGFI6mXbp70-ihjyR-9Gv7W-/view?usp=drive_link,https://dfl.sgu.edu.vn/quy-che-quy-dinh/item/1799-trien-khai-day-manh-tuyen-truyen-cac-san-pham-truyen-thong-phuc-vu-cong-tac-tu-van-tuyen-sinh-dai-hoc-chinh-quy-nam-2026.html,khoa_ngoai_ngu/quy_che/4. Sinh viÃªn nÃ³i vá» SGU.mp4,254339941,574383374897f2e3a01f655939342645fddc264f1333d7a7b2096edfd617a815,,ok
khoa_ngoai_ngu,quy_che,5. Thông tin tuyển sinh 2026 và lời mời đồng hành.,https://drive.google.com/file/d/1VJjq7q8GVXrvKqZYqaOqXRQnFuR9fhVY/view?usp=drive_link,https://dfl.sgu.edu.vn/quy-che-quy-dinh/item/1799-trien-khai-day-manh-tuyen-truyen-cac-san-pham-truyen-thong-phuc-vu-cong-tac-tu-van-tuyen-sinh-dai-hoc-chinh-quy-nam-2026.html,khoa_ngoai_ngu/quy_che/5. ThÃ´ng tin tuyá»n sinh 2026 vÃ  lá»i má»i Äá»ng hÃ nh.mp4,221194898,d66e63fa90cdb7ca1e4b69f6f72203be5f777839377f9255c8597ac04f5f746e,,ok
khoa_ngoai_ngu,quy_che,+ Khoa Công nghệ thông tin.,https://drive.google.com/file/d/1EuKRpKoYKsVwebQdSlUgcNEgbJRE_h0s/view?usp=drive_link,https://dfl.sgu.edu.vn/quy-che-quy-dinh/item/1799-trien-khai-day-manh-tuyen-truyen-cac-san-pham-truyen-thong-phuc-vu-cong-tac-tu-van-tuyen-sinh-dai-hoc-chinh-quy-nam-2026.html,khoa_ngoai_ngu/quy_che/01 CNTT - music ver 9.mp4,167545117,313f2ad3ab38321721fd51d80bf17705ee8db105b5836d8da2e8c850ce3257f7,,ok
khoa_ngoai_ngu,quy_che,+ Khoa Kỹ thuật và Công nghệ.,https://drive.google.com/file/d/1QE4S7dZFvm8ZBg4Q9qlD83QYStrqkMxZ/view?usp=drive_link,https://dfl.sgu.edu.vn/quy-che-quy-dinh/item/1799-trien-khai-day-manh-tuyen-truyen-cac-san-pham-truyen-thong-phuc-vu-cong-tac-tu-van-tuyen-sinh-dai-hoc-chinh-quy-nam-2026.html,khoa_ngoai_ngu/quy_che/07 KTCN - music ver 18.mp4,174147117,5e27177e01929914339b86b4daf56ad858bc1feba76a50290e78151c80b9d90a,,ok
khoa_ngoai_ngu,quy_che,+ Khoa Giáo dục.,https://drive.google.com/file/d/1Qx5PDCpjCx0EA4zBRbIlKhbiUbbhZLn1/view?usp=drive_link,https://dfl.sgu.edu.vn/quy-che-quy-dinh/item/1799-trien-khai-day-manh-tuyen-truyen-cac-san-pham-truyen-thong-phuc-vu-cong-tac-tu-van-tuyen-sinh-dai-hoc-chinh-quy-nam-2026.html,khoa_ngoai_ngu/quy_che/02 GD - music v5.mp4,140129429,1605b55fd2cde4922f266310d50988fef6b5e291d3797ea106ca10d7389aaf8e,,ok
khoa_ngoai_ngu,quy_che,+ Khoa Ngoại ngữ.,https://drive.google.com/file/d/1jKKMundz2cM5Uw9QZnOP4oSEzg2ppYb5/view?usp=drive_link,https://dfl.sgu.edu.vn/quy-che-quy-dinh/item/1799-trien-khai-day-manh-tuyen-truyen-cac-san-pham-truyen-thong-phuc-vu-cong-tac-tu-van-tuyen-sinh-dai-hoc-chinh-quy-nam-2026.html,khoa_ngoai_ngu/quy_che/09 NgoaÌ£i nguÌÌ - music ver 17.mp4,167133837,1044c2bc3aa6d0bc350dd68b34e80b2320e1834cbfc5828360e90d1152bd1b3a,,ok
khoa_ngoai_ngu,quy_che,+ Khoa Văn hóa và Du lịch.,https://drive.google.com/file/d/1RByisGVMd1HOhsZI35iAqaMRPtN4rgRm/view?usp=drive_link,https://dfl.sgu.edu.vn/quy-che-quy-dinh/item/1799-trien-khai-day-manh-tuyen-truyen-cac-san-pham-truyen-thong-phuc-vu-cong-tac-tu-van-tuyen-sinh-dai-hoc-chinh-quy-nam-2026.html,khoa_ngoai_ngu/quy_che/14 VHDL - music v15.mp4,116453318,8d6e8bafae8f39159599f6a736e18b9250470fd4edf37c3ef69a14332205fde1,,ok
khoa_ngoai_ngu,quy_che,+ Khoa Luật.,https://drive.google.com/file/d/1Lk3YbPYQBlM7XD1GRNKD9zOookClxAmx/view?usp=drive_link,https://dfl.sgu.edu.vn/quy-che-quy-dinh/item/1799-trien-khai-day-manh-tuyen-truyen-cac-san-pham-truyen-thong-phuc-vu-cong-tac-tu-van-tuyen-sinh-dai-hoc-chinh-quy-nam-2026.html,khoa_ngoai_ngu/quy_che/08 L - music v3.mp4,104928115,2312e0033e9ad07c79556d03d531caddee957bff1e19d7da4f6d57f25d8f6cc7,,ok
khoa_ngoai_ngu,quy_che,+ Khoa Quản trị kinh doanh.,https://drive.google.com/file/d/1XiHEffW0jCXXPhTQLPh6an23funkIGRi/view,https://dfl.sgu.edu.vn/quy-che-quy-dinh/item/1799-trien-khai-day-manh-tuyen-truyen-cac-san-pham-truyen-thong-phuc-vu-cong-tac-tu-van-tuyen-sinh-dai-hoc-chinh-quy-nam-2026.html,khoa_ngoai_ngu/quy_che/10 QTKD - music ver 19.mp4,179529236,23e88a9db4f0c261ad8acb6e32203b43cf7cee71d1b848c38acf901a1d093fe2,,ok
khoa_ngoai_ngu,quy_che,+ Khoa Tài chính - Kế toán.,https://drive.google.com/file/d/1lMU0cax0Y4veTJSDzQN7hrei1aoWvVOm/view?usp=sharing,https://dfl.sgu.edu.vn/quy-che-quy-dinh/item/1799-trien-khai-day-manh-tuyen-truyen-cac-san-pham-truyen-thong-phuc-vu-cong-tac-tu-van-tuyen-sinh-dai-hoc-chinh-quy-nam-2026.html,khoa_ngoai_ngu/quy_che/12 TCKT - music v9.mp4,136417971,2c4151f2d6c26dc848cdc6937464959ca4b8809ab866ee2dccf04dae6027117b,,ok
khoa_ngoai_ngu,quy_che,+ Khoa Giáo dục Tiểu học.,https://drive.google.com/file/d/17U0mO9GcrjgIDI52vkHvZUwqLZQRsTxT/view?usp=drive_link,https://dfl.sgu.edu.vn/quy-che-quy-dinh/item/1799-trien-khai-day-manh-tuyen-truyen-cac-san-pham-truyen-thong-phuc-vu-cong-tac-tu-van-tuyen-sinh-dai-hoc-chinh-quy-nam-2026.html,khoa_ngoai_ngu/quy_che/05 GDTH - music v5.mp4,127709735,149dc990f3e0b901e6200561658a43704fe1134469d55a3c0023421f71908186,,ok
khoa_ngoai_ngu,quy_che,+ Khoa Giáo dục Mầm non.,https://drive.google.com/file/d/1kbg2Os2W5ewcz-BOt2vniF3WmmjTHpmu/view?usp=drive_link,https://dfl.sgu.edu.vn/quy-che-quy-dinh/item/1799-trien-khai-day-manh-tuyen-truyen-cac-san-pham-truyen-thong-phuc-vu-cong-tac-tu-van-tuyen-sinh-dai-hoc-chinh-quy-nam-2026.html,khoa_ngoai_ngu/quy_che/04 GDMN - music v6.mp4,107306058,6286b00cfeb114b44c74fca4a7d29024ddb3588ae7ed0e8b34a5b088ab22b232,,ok
khoa_ngoai_ngu,quy_che,+ Khoa Giáo dục Chính trị.,https://drive.google.com/file/d/1kpjgtYLo93M64OUamAux9R96A5EZ1LGk/view?usp=drive_link,https://dfl.sgu.edu.vn/quy-che-quy-dinh/item/1799-trien-khai-day-manh-tuyen-truyen-cac-san-pham-truyen-thong-phuc-vu-cong-tac-tu-van-tuyen-sinh-dai-hoc-chinh-quy-nam-2026.html,khoa_ngoai_ngu/quy_che/03 GDCT - music v7.mp4,127444315,ba8c8c43d4c421078badf7eed6af90a0c1173054f04a1e6fceedd516852bac01,,ok
khoa_ngoai_ngu,quy_che,+ Khoa Khoa học Xã hội và Nghệ thuật.,https://drive.google.com/file/d/1jeH5xvg7mkGDS612Fcw7iIfhve3yZM1s/view?usp=drive_link,https://dfl.sgu.edu.vn/quy-che-quy-dinh/item/1799-trien-khai-day-manh-tuyen-truyen-cac-san-pham-truyen-thong-phuc-vu-cong-tac-tu-van-tuyen-sinh-dai-hoc-chinh-quy-nam-2026.html,khoa_ngoai_ngu/quy_che/06 KHXHNT - music v6.mp4,142419001,985bd6365cd9ca72031b4e6d90418068f664f058ed03ff6d7933c23300fd1343,,ok
khoa_ngoai_ngu,quy_che,+ Khoa Sư phạm Khoa học Tự nhiên.,https://drive.google.com/file/d/14cgGcQCt6B9UJt0n4sGGYU0kQNpZ8teF/view?usp=drive_link,https://dfl.sgu.edu.vn/quy-che-quy-dinh/item/1799-trien-khai-day-manh-tuyen-truyen-cac-san-pham-truyen-thong-phuc-vu-cong-tac-tu-van-tuyen-sinh-dai-hoc-chinh-quy-nam-2026.html,khoa_ngoai_ngu/quy_che/11 KHSPTN - music v9.mp4,133183589,9d1620a8c5365b27d04124bbcf6b0ad9bdc473f233bf9bc74b113485d08c7bc2,,ok
khoa_ngoai_ngu,quy_che,+ Khoa Toán - Ứng dụng.,https://drive.google.com/file/d/1Njw4p8F4PmQzvCmAkFVf6YiEtB57yu0A/view?usp=drive_link,https://dfl.sgu.edu.vn/quy-che-quy-dinh/item/1799-trien-khai-day-manh-tuyen-truyen-cac-san-pham-truyen-thong-phuc-vu-cong-tac-tu-van-tuyen-sinh-dai-hoc-chinh-quy-nam-2026.html,khoa_ngoai_ngu/quy_che/13 TUD - music v7.mp4,135496230,a6b83fa0db5dc5fe4324e32b56e08d9b4120a97fe56624e1f0b4f49455b90c71,,ok
khoa_ngoai_ngu,quy_che,https://drive.google.com/drive/folders/1fFAM6S0kj0hyurSALo8TUS8RyUXi448h?usp=sharing,https://drive.google.com/drive/folders/1fFAM6S0kj0hyurSALo8TUS8RyUXi448h?usp=sharing,https://dfl.sgu.edu.vn/quy-che-quy-dinh/item/1607-cong-tac-co-van-hoc-tap.html,,0,,,bo_qua_thu_muc_drive
khoa_ngoai_ngu,quy_che,Quyết định điều chỉnh KLTN năm 2025.,https://drive.google.com/file/d/1AFCvhP50QmdNcdYeyOF0eomMCZ20E5iN/view?usp=sharing,https://dfl.sgu.edu.vn/quy-che-quy-dinh/item/1794-cac-bieu-mau-thuc-hien-khoa-luan-tot-nghiep.html,khoa_ngoai_ngu/quy_che/QD_DieuChinhKLTN_2025.pdf,561640,882534e3be628e3ad36dd5da6a7bf1432d05de0245100d194bcfd47791dee3a5,0,ok
khoa_ngoai_ngu,quy_che,Quy định về khóa luận tốt nghiệp cập nhật năm 2022.,https://drive.google.com/file/d/1LjLiQKQJGUBielSSBjnixCB6QEbCowjp/view?usp=drive_link,https://dfl.sgu.edu.vn/quy-che-quy-dinh/item/1794-cac-bieu-mau-thuc-hien-khoa-luan-tot-nghiep.html,khoa_ngoai_ngu/quy_che/QD2590QuiDinh_KhoaLuanTN_2022.pdf,4292568,8c3469d0d0af95f43d3cd5fad707184cc41a9a107615da0b207c0c6fd2328100,0,ok
khoa_ngoai_ngu,quy_che,Phụ lục 1: Mẫu đăng ký khóa luận tốt nghiệp.,https://docs.google.com/document/d/1CcRwgmBD9s0HlYIiz6K6bup3m_bGxKk4/edit?usp=drive_link&ouid=107607450105454319571&rtpof=true&sd=true,https://dfl.sgu.edu.vn/quy-che-quy-dinh/item/1794-cac-bieu-mau-thuc-hien-khoa-luan-tot-nghiep.html,khoa_ngoai_ngu/quy_che/PhuLuc_1_Dondangky_KLTN.doc.docx,11188,9213a6767f082fa63f64fa7bf2fbbd07d685db0b3ff35e5496b3ec167b0d1bca,,ok
khoa_ngoai_ngu,quy_che,Mẫu 1: Mẫu đề cương đăng ký khóa luận tốt nghiệp.,https://docs.google.com/document/d/1oZuJOqOH2F5zHpefQi7Vzx0-XgM7tTQD/edit?usp=drive_link&ouid=107607450105454319571&rtpof=true&sd=true,https://dfl.sgu.edu.vn/quy-che-quy-dinh/item/1794-cac-bieu-mau-thuc-hien-khoa-luan-tot-nghiep.html,khoa_ngoai_ngu/quy_che/FORMAT ĐỀ CƯƠNG KHÓA LUẬN TỐT NGHIỆP (1).docx,18145,73891d324f5e487f4124b9802db81257a07f8c8d4ff0d70249fc940d3b482460,,ok
khoa_ngoai_ngu,quy_che,Định dạng Khoá luận tốt nghiệp,https://docs.google.com/document/d/1DOYoZMbwSQzcuDDc7BZua9GEFrOi6ndB/edit?usp=sharing&ouid=107607450105454319571&rtpof=true&sd=true,https://dfl.sgu.edu.vn/quy-che-quy-dinh/item/1794-cac-bieu-mau-thuc-hien-khoa-luan-tot-nghiep.html,khoa_ngoai_ngu/quy_che/Undergraduate Thesis Structure_BA in English Language_2025 (3).docx,31507,7e7ec89afe576a53e6e72ef688ea21d1e051546aa78895ed894f6278356539ff,,ok
khoa_ngoai_ngu,quy_che,Phụ lục 3: Bìa khóa luận tốt nghiệp.,https://docs.google.com/document/d/1LsRWkR4mL7dxBvBe8VgnaTxr4RLa4fsm/edit?usp=drive_link&ouid=107607450105454319571&rtpof=true&sd=true,https://dfl.sgu.edu.vn/quy-che-quy-dinh/item/1794-cac-bieu-mau-thuc-hien-khoa-luan-tot-nghiep.html,khoa_ngoai_ngu/quy_che/PhuLuc_3_Bia.doc.docx,13598,cb6ef1c4cdfefa3ff19396d2f74e0b4bb8cbaefffc30ff169bfff66d4426a063,,ok
khoa_ngoai_ngu,quy_che,Phụ lục 4: Bìa lót.,https://docs.google.com/document/d/1cJZOlAebTrAC2l6E-gGvaWfAPjkusZFS/edit?usp=drive_link&ouid=107607450105454319571&rtpof=true&sd=true,https://dfl.sgu.edu.vn/quy-che-quy-dinh/item/1794-cac-bieu-mau-thuc-hien-khoa-luan-tot-nghiep.html,khoa_ngoai_ngu/quy_che/PhuLuc_4_BiaLot.doc.docx,13803,6c6d5695b11a5bd7ff191d0e1d615d077e5f2978033da8ff552eebe478a4e9b6,,ok
khoa_ngoai_ngu,quy_che,Phụ lục 5: Lời cam đoan.,https://docs.google.com/document/d/14wB6WmE3M6YWmSb5D2A26-EBd9syvqWJ/edit?usp=drive_link&ouid=107607450105454319571&rtpof=true&sd=true,https://dfl.sgu.edu.vn/quy-che-quy-dinh/item/1794-cac-bieu-mau-thuc-hien-khoa-luan-tot-nghiep.html,khoa_ngoai_ngu/quy_che/PhuLuc_5_LoiCamDoan.doc.docx,11594,fa6e30a77fe149e73fd3f84a76c7c4900ef9073083a0560b6f4006b165cd882a,,ok
khoa_ngoai_ngu,quy_che,Phụ lục 6: Mục lục.,https://docs.google.com/document/d/1wXA-9m6yhXmAPEp1OY0ILZBidC1k-wMY/edit?usp=drive_link&ouid=107607450105454319571&rtpof=true&sd=true,https://dfl.sgu.edu.vn/quy-che-quy-dinh/item/1794-cac-bieu-mau-thuc-hien-khoa-luan-tot-nghiep.html,khoa_ngoai_ngu/quy_che/PhuLuc_6_MucLuc.DOC.docx,12475,52f51138e661d06de6c924dad72b1535e5429af8ca3b3cc7afa44f2342df7007,,ok
khoa_ngoai_ngu,quy_che,"Phụ lục 7,8,9: Danh mục viết tắt, bảng.",https://docs.google.com/document/d/1UPftLc_vrzQoK_A5TN_VOCzyQA5nF3jD/edit?usp=drive_link&ouid=107607450105454319571&rtpof=true&sd=true,https://dfl.sgu.edu.vn/quy-che-quy-dinh/item/1794-cac-bieu-mau-thuc-hien-khoa-luan-tot-nghiep.html,"khoa_ngoai_ngu/quy_che/PhuLuc_7,8,9_DanhmucVietTat.doc.docx",12101,63657e9dd9a3101fd8f5ae16d680a0a144d1e4f43f487bf47123c3abea82b794,,ok
khoa_ngoai_ngu,quy_che,Nhận xét của Giảng viên hướng dẫn.,https://docs.google.com/document/d/11Dw_dOIo0DzB4sbO6rOTUsjeFTu1gQqP/edit?usp=drive_link&ouid=107607450105454319571&rtpof=true&sd=true,https://dfl.sgu.edu.vn/quy-che-quy-dinh/item/1794-cac-bieu-mau-thuc-hien-khoa-luan-tot-nghiep.html,khoa_ngoai_ngu/quy_che/Mau nhan xet GVHD-Tieng Anh.doc.docx,11328,64fa9ad6810c6bf50f8eea83c1aac902e54126f2d51abfb0361c094001a8359a,,ok
khoa_ngoai_ngu,quy_che,Nhận xét của Giảng viên phản biện.,https://docs.google.com/document/d/1AnKZD7YMO_xZHKxkgS9e97uNjWaFCFIN/edit?usp=drive_link&ouid=107607450105454319571&rtpof=true&sd=true,https://dfl.sgu.edu.vn/quy-che-quy-dinh/item/1794-cac-bieu-mau-thuc-hien-khoa-luan-tot-nghiep.html,khoa_ngoai_ngu/quy_che/Mau nhan xet GVPB-Tieng Anh.doc.docx,224565,13912d04689142619c975eaf5bce5f3f99667cf402e5bbfbd26103a49151524d,,ok
khoa_ngoai_ngu,quy_che,tại đây,https://drive.google.com/file/d/15UIHqJpHMQB-b9fi82zjMjpxo4_Z3zny/view?usp=sharing,https://dfl.sgu.edu.vn/quy-che-quy-dinh/item/1800-thong-bao-lich-bao-ve-khoa-luan-tot-nghiep-nam-hoc-2025-2026.html,khoa_ngoai_ngu/quy_che/Danh saÌch HoÌ£Ìi ÄoÌÌng khoÌa luaÌ£Ìn 2025-2026_GuiSV.pdf,314067,5f1f9412667d57acbb6dd088a4cf29fc390bcbf83bf2ce85669d7a6853e36662,4299,ok
khoa_ngoai_ngu,quy_che,https://drive.google.com/drive/folders/13B3C-mV6Fn0KFq_2AN8HaSIOSXdMC0U0?usp=sharing,https://drive.google.com/drive/folders/13B3C-mV6Fn0KFq_2AN8HaSIOSXdMC0U0?usp=sharing,https://dfl.sgu.edu.vn/quy-che-quy-dinh/item/1801-khoa-22-va-khoa-23-danh-gia-ket-qua-ren-luyen-hoc-ky-ii-nam-hoc-2025-2026.html,,0,,,bo_qua_thu_muc_drive
khoa_khxhnt,bieu_mau,: Tải biểu mẫu,https://thongtindaotao.sgu.edu.vn/api/fileManager?src=DKMH//donkhongghinhannhomtuchon.docx,https://khxhnt.sgu.edu.vn/blog/2023/11/22/bieu-mau/,khoa_khxhnt/bieu_mau/fileManager,14,3521021a2e875fbc52ae82e2a3fea5024d507bbc919f504ca8521292c3fe14d3,,ok
khoa_khxhnt,bieu_mau,: Tải biểu mẫu,http://daotao.sgu.edu.vn/web/images/pdf/quy_dinh/donphuckhao.pdf,https://khxhnt.sgu.edu.vn/blog/2023/11/22/bieu-mau/,,0,,,loi: HTTP Error 404: Not Found
khoa_khxhnt,bieu_mau,: Tải biểu mẫu,https://thongtindaotao.sgu.edu.vn/api/fileManager?src=DKMH//donquydoihocphan.doc,https://khxhnt.sgu.edu.vn/blog/2023/11/22/bieu-mau/,khoa_khxhnt/bieu_mau/fileManager_1,14,3521021a2e875fbc52ae82e2a3fea5024d507bbc919f504ca8521292c3fe14d3,,ok
khoa_khxhnt,bieu_mau,Mau Phieu danh gia KQRL,https://khxhnt.sgu.edu.vn/wp-content/uploads/2023/11/Mau-Phieu-danh-gia-KQRL.pdf,https://khxhnt.sgu.edu.vn/blog/2023/11/22/bieu-mau/,khoa_khxhnt/bieu_mau/Mau-Phieu-danh-gia-KQRL.pdf,445739,2a1945b2a6f7a223de4c7726cece529497f200ebef6c7e149b5c89d8e404c2b0,4855,ok
khoa_khxhnt,bieu_mau,QUY ĐỊNH VỀ ĐÁNH GIÁ KẾT QUẢ RÈN LUYỆN SV ĐHSG,https://khxhnt.sgu.edu.vn/wp-content/uploads/2023/11/QUY-DINH-VE-DANH-GIA-KET-QUA-REN-LUYEN-SV-DHSG.pdf,https://khxhnt.sgu.edu.vn/blog/2023/11/22/bieu-mau/,khoa_khxhnt/bieu_mau/QUY-DINH-VE-DANH-GIA-KET-QUA-REN-LUYEN-SV-DHSG.pdf,170400,daa4a38d6f208c8ed4d8f6c8aba2822e61698cdd35cde5c9646841a847873316,5656,ok
khoa_khxhnt,bieu_mau,NĐ116.2020_Hỗ trợ HP SVSP,https://khxhnt.sgu.edu.vn/wp-content/uploads/2024/10/ND116.2020_Ho-tro-HP-SVSP.pdf,https://khxhnt.sgu.edu.vn/blog/2023/11/22/bieu-mau/,khoa_khxhnt/bieu_mau/ND116.2020_Ho-tro-HP-SVSP.pdf,4941310,1c32bb1e72844567120a4f00f25d8dd7c0f1d82ebcaa80d7d03db48224c65d8d,0,ok
khoa_spkhtn,bieu_mau,Cẩm nang hỗ trợ sinh viên,https://ctsv.sgu.edu.vn/dd/trai/CAMNANGTSVSGU2022.pdf,https://khoaspkhtn.sgu.edu.vn/bieu-mau/,,0,,,loi_html_khong_phai_file
khoa_spkhtn,bieu_mau,1. Qui trình xét duyệt kết quả điểm rèn luyện.,https://ctsv.sgu.edu.vn/webin/menutrai/thutuc/1.pdf,https://khoaspkhtn.sgu.edu.vn/bieu-mau/,,0,,,loi_html_khong_phai_file
khoa_spkhtn,bieu_mau,2. Qui trình xét duyệt học bổng khuyến khích học tập.,https://ctsv.sgu.edu.vn/webin/menutrai/thutuc/2.pdf,https://khoaspkhtn.sgu.edu.vn/bieu-mau/,,0,,,loi_html_khong_phai_file
khoa_spkhtn,bieu_mau,3. Qui trình xét chế độ chính sách ưu đãi.,https://ctsv.sgu.edu.vn/webin/menutrai/thutuc/3.pdf,https://khoaspkhtn.sgu.edu.vn/bieu-mau/,,0,,,loi_html_khong_phai_file
khoa_spkhtn,bieu_mau,4. Qui trình cấp bảng điểm rèn luyện,https://ctsv.sgu.edu.vn/webin/menutrai/thutuc/4.pdf,https://khoaspkhtn.sgu.edu.vn/bieu-mau/,,0,,,loi_html_khong_phai_file
khoa_spkhtn,bieu_mau,5. Qui trình rút hồ sơ.,https://ctsv.sgu.edu.vn/webin/menutrai/thutuc/5.pdf,https://khoaspkhtn.sgu.edu.vn/bieu-mau/,,0,,,loi_html_khong_phai_file
khoa_spkhtn,bieu_mau,"6. Qui trình cấp các loại giấy xác nhận (giấy xác nhận tạm hoãn nghĩa vụ, giấy xác nhận sinh viên, giấy xác nhận vay vốn ngân hàng).",https://ctsv.sgu.edu.vn/webin/menutrai/thutuc/62.pdf,https://khoaspkhtn.sgu.edu.vn/bieu-mau/,,0,,,loi_html_khong_phai_file
khoa_spkhtn,bieu_mau,"7. Qui trình cấp các loại giấy xác nhận khác, giấy xác nhận theo mẫu của địa phương (sổ trợ cấp ưu đãi, giấy đề nghị hỗ trợ học phí, cấp tiền học phí, hỗ trợ chi phí học tập tại địa phương, các loại học bổng địa phương).",https://ctsv.sgu.edu.vn/webin/menutrai/thutuc/7.pdf,https://khoaspkhtn.sgu.edu.vn/bieu-mau/,,0,,,loi_html_khong_phai_file
khoa_spkhtn,bieu_mau,8. Qui trình bảo lưu kết quả học tập.,https://ctsv.sgu.edu.vn/webin/menutrai/thutuc/8.pdf,https://khoaspkhtn.sgu.edu.vn/bieu-mau/,,0,,,loi_html_khong_phai_file
khoa_spkhtn,bieu_mau,9. Qui trình xin vào học lại khi hết thời gian bảo lưu kết quả học tập.,https://ctsv.sgu.edu.vn/webin/menutrai/thutuc/9.pdf,https://khoaspkhtn.sgu.edu.vn/bieu-mau/,,0,,,loi_html_khong_phai_file
khoa_spkhtn,bieu_mau,10. Qui trình Chỉnh sửa điểm rèn luyện.,https://ctsv.sgu.edu.vn/webin/menutrai/thutuc/10.pdf,https://khoaspkhtn.sgu.edu.vn/bieu-mau/,,0,,,loi_html_khong_phai_file
khoa_spkhtn,bieu_mau,11. Qui trình chỉnh sửa thông tin sai sót.,https://ctsv.sgu.edu.vn/webin/menutrai/thutuc/11.pdf,https://khoaspkhtn.sgu.edu.vn/bieu-mau/,,0,,,loi_html_khong_phai_file
khoa_spkhtn,bieu_mau,12. Qui trình xin thôi học.,https://ctsv.sgu.edu.vn/webin/menutrai/thutuc/12.pdf,https://khoaspkhtn.sgu.edu.vn/bieu-mau/,,0,,,loi_html_khong_phai_file
khoa_spkhtn,bieu_mau,13. Qui trình xin chuyển từ trường khác về Trường Đại học Sài Gòn.,https://ctsv.sgu.edu.vn/webin/menutrai/thutuc/13.pdf,https://khoaspkhtn.sgu.edu.vn/bieu-mau/,,0,,,loi_html_khong_phai_file
khoa_spkhtn,bieu_mau,1. Mẫu đơn xin cấp bảng điểm rèn luyện.,https://ctsv.sgu.edu.vn/webin/menutrai/thutuc/21.doc,https://khoaspkhtn.sgu.edu.vn/bieu-mau/,,0,,,loi_html_khong_phai_file
khoa_spkhtn,bieu_mau,2. Mẫu đơn xin sửa điểm rèn luyện.,https://ctsv.sgu.edu.vn/webin/menutrai/thutuc/22.doc,https://khoaspkhtn.sgu.edu.vn/bieu-mau/,,0,,,loi_html_khong_phai_file
khoa_spkhtn,bieu_mau,3. Mẫu đơn xin tạm ngừng học. (Bảo lưu kết quả học tập),https://ctsv.sgu.edu.vn/webin/menutrai/thutuc/23.doc,https://khoaspkhtn.sgu.edu.vn/bieu-mau/,,0,,,loi_html_khong_phai_file
khoa_spkhtn,bieu_mau,4. Mẫu đơn xin vào học lại sau khi tạm dừng.,https://ctsv.sgu.edu.vn/webin/menutrai/thutuc/24.doc,https://khoaspkhtn.sgu.edu.vn/bieu-mau/,,0,,,loi_html_khong_phai_file
khoa_spkhtn,bieu_mau,5. Mẫu đơn xin thôi học.,https://ctsv.sgu.edu.vn/webin/menutrai/thutuc/25.doc,https://khoaspkhtn.sgu.edu.vn/bieu-mau/,,0,,,loi_html_khong_phai_file
khoa_spkhtn,bieu_mau,6. Mẫu đơn xin điều chỉnh thông tin.,https://ctsv.sgu.edu.vn/webin/menutrai/thutuc/26.doc,https://khoaspkhtn.sgu.edu.vn/bieu-mau/,,0,,,loi_html_khong_phai_file
khoa_spkhtn,bieu_mau,7. Mẫu đơn xin vào học lại sau khi tạm dừng vì kết quả điểm rèn luyện.,https://ctsv.sgu.edu.vn/webin/menutrai/thutuc/27.doc,https://khoaspkhtn.sgu.edu.vn/bieu-mau/,,0,,,loi_html_khong_phai_file
khoa_spkhtn,bieu_mau,8. Mẫu đơn xin chuyển trường.,https://ctsv.sgu.edu.vn/webin/menutrai/thutuc/28.doc,https://khoaspkhtn.sgu.edu.vn/bieu-mau/,,0,,,loi_html_khong_phai_file
khoa_spkhtn,bieu_mau,9. Đơn phúc khảo,https://daotao.sgu.edu.vn/web/images/pdf/quy_dinh/donphuckhao.pdf,https://khoaspkhtn.sgu.edu.vn/bieu-mau/,,0,,,loi: HTTP Error 404: Not Found
khoa_spkhtn,bieu_mau,"10. Đơn xin xét công nhận tốt nghiệp sớm, trễ tiến độ",https://daotao.sgu.edu.vn/web/images/pdf/quy_dinh/don_xet_tn_som_tre.pdf,https://khoaspkhtn.sgu.edu.vn/bieu-mau/,,0,,,loi: HTTP Error 404: Not Found
ctsv,so_tay_sinh_vien,Sổ tay SV 2020-2021 Phần 1: Thông tin chung,https://web.archive.org/web/20251009175509id_/https://ctsv.sgu.edu.vn/webin/menutrai/stsv/1.pdf,https://ctsv.sgu.edu.vn/chucnang/stsv.php,ctsv/so_tay_sinh_vien/1.pdf,3812696,a31c154e93e691bedf24e6f9ea35720584539f95182980f87aa688416857a3e7,5526,ok
ctsv,so_tay_sinh_vien,Sổ tay SV 2021-2022 Phần 1: Thông tin chung,https://web.archive.org/web/20250527020000id_/https://ctsv.sgu.edu.vn/webin/menutrai/stsv/nh20212022/p1.pdf,https://ctsv.sgu.edu.vn/chucnang/stsv.php,ctsv/so_tay_sinh_vien/nh20212022_p1.pdf,3729828,d9036c26e17b1e6e47da8b1c0edaa13683ad0ea5e6b7f99e58448fe1cfaae731,5022,ok
ctsv,so_tay_sinh_vien,Sổ tay SV 2021-2022 Phần 2: Kế hoạch đào tạo theo ngành,https://web.archive.org/web/20250527013903id_/https://ctsv.sgu.edu.vn/webin/menutrai/stsv/nh20212022/p2.pdf,https://ctsv.sgu.edu.vn/chucnang/stsv.php,ctsv/so_tay_sinh_vien/nh20212022_p2.pdf,2943654,f2b3728999a29ec8a9b8f353531e6f256f07f9a79e33df03d5e439b7dd41d647,2702,ok
